,danceability,energy,key,loudness,mode,speechiness,acousticness,instrumentalness,liveness,valence,tempo,type,id,uri,track_href,analysis_url,duration_ms,time_signature
0,0.271,0.165,5,-20.652,1,0.0351,0.729,1.6e-06,0.118,0.203,77.082,audio_features,29U7stRjqHU6rMiS8BfaI9,spotify:track:29U7stRjqHU6rMiS8BfaI9,https://api.spotify.com/v1/tracks/29U7stRjqHU6rMiS8BfaI9,https://api.spotify.com/v1/audio-analysis/29U7stRjqHU6rMiS8BfaI9,139227,4
1,0.349,0.182,5,-13.507,1,0.031,0.92,0.0152,0.143,0.178,136.094,audio_features,648TTtYB0bH0P8Hfy0FmkL,spotify:track:648TTtYB0bH0P8Hfy0FmkL,https://api.spotify.com/v1/tracks/648TTtYB0bH0P8Hfy0FmkL,https://api.spotify.com/v1/audio-analysis/648TTtYB0bH0P8Hfy0FmkL,191973,3
2,0.454,0.26,8,-13.193,0,0.0401,0.539,0.00078,0.0675,0.598,174.322,audio_features,1YQWosTIljIvxAgHWTp7KP,spotify:track:1YQWosTIljIvxAgHWTp7KP,https://api.spotify.com/v1/tracks/1YQWosTIljIvxAgHWTp7KP,https://api.spotify.com/v1/audio-analysis/1YQWosTIljIvxAgHWTp7KP,324133,5
3,0.262,0.356,0,-8.031,0,0.0303,0.613,0.0,0.175,0.426,174.176,audio_features,2IdwQxhJn9ZE4zIotcCefR,spotify:track:2IdwQxhJn9ZE4zIotcCefR,https://api.spotify.com/v1/tracks/2IdwQxhJn9ZE4zIotcCefR,https://api.spotify.com/v1/audio-analysis/2IdwQxhJn9ZE4zIotcCefR,187667,3
4,0.653,0.149,10,-17.866,0,0.0392,0.867,0.000983,0.0986,0.481,130.359,audio_features,7znjbX9XdoQayIrVNdd50Z,spotify:track:7znjbX9XdoQayIrVNdd50Z,https://api.spotify.com/v1/tracks/7znjbX9XdoQayIrVNdd50Z,https://api.spotify.com/v1/audio-analysis/7znjbX9XdoQayIrVNdd50Z,320253,4
5,0.52,0.0406,0,-16.397,1,0.0635,0.877,0.000364,0.0845,0.285,70.138,audio_features,0zDVclPMSsjeyvbnqhWOmt,spotify:track:0zDVclPMSsjeyvbnqhWOmt,https://api.spotify.com/v1/tracks/0zDVclPMSsjeyvbnqhWOmt,https://api.spotify.com/v1/audio-analysis/0zDVclPMSsjeyvbnqhWOmt,203760,4
6,0.532,0.0657,0,-19.136,0,0.0406,0.94,0.00488,0.0946,0.292,128.607,audio_features,0F845nujLVqCb0XMZCh5Pc,spotify:track:0F845nujLVqCb0XMZCh5Pc,https://api.spotify.com/v1/tracks/0F845nujLVqCb0XMZCh5Pc,https://api.spotify.com/v1/audio-analysis/0F845nujLVqCb0XMZCh5Pc,201440,4
7,0.462,0.15,8,-13.531,1,0.0522,0.984,0.000902,0.105,0.19,98.66,audio_features,30QD4VRP9yEneOh0eGTrtJ,spotify:track:30QD4VRP9yEneOh0eGTrtJ,https://api.spotify.com/v1/tracks/30QD4VRP9yEneOh0eGTrtJ,https://api.spotify.com/v1/audio-analysis/30QD4VRP9yEneOh0eGTrtJ,207600,3
8,0.464,0.305,3,-12.435,0,0.0316,0.936,0.0846,0.208,0.282,108.229,audio_features,0E8q2Fx2XuzXCO2NSAppkR,spotify:track:0E8q2Fx2XuzXCO2NSAppkR,https://api.spotify.com/v1/tracks/0E8q2Fx2XuzXCO2NSAppkR,https://api.spotify.com/v1/audio-analysis/0E8q2Fx2XuzXCO2NSAppkR,255227,4
9,0.443,0.104,0,-17.042,1,0.101,0.913,0.0,0.191,0.394,76.497,audio_features,78MI7mu1LV1k4IA2HzKmHe,spotify:track:78MI7mu1LV1k4IA2HzKmHe,https://api.spotify.com/v1/tracks/78MI7mu1LV1k4IA2HzKmHe,https://api.spotify.com/v1/audio-analysis/78MI7mu1LV1k4IA2HzKmHe,185160,4
10,0.747,0.243,4,-15.134,0,0.124,0.829,1.02e-06,0.0905,0.426,118.661,audio_features,5Lhjlnly9Ynhf52ojQS534,spotify:track:5Lhjlnly9Ynhf52ojQS534,https://api.spotify.com/v1/tracks/5Lhjlnly9Ynhf52ojQS534,https://api.spotify.com/v1/audio-analysis/5Lhjlnly9Ynhf52ojQS534,215747,4
11,0.421,0.0162,2,-25.358,0,0.0388,0.808,0.0024,0.0978,0.154,110.479,audio_features,0aWMVrwxPNYkKmFthzmpRi,spotify:track:0aWMVrwxPNYkKmFthzmpRi,https://api.spotify.com/v1/tracks/0aWMVrwxPNYkKmFthzmpRi,https://api.spotify.com/v1/audio-analysis/0aWMVrwxPNYkKmFthzmpRi,337733,4
12,0.595,0.306,7,-14.404,1,0.0345,0.883,0.000386,0.0733,0.464,133.63,audio_features,7ilc2TB1RZXbQJyFs5qCiC,spotify:track:7ilc2TB1RZXbQJyFs5qCiC,https://api.spotify.com/v1/tracks/7ilc2TB1RZXbQJyFs5qCiC,https://api.spotify.com/v1/audio-analysis/7ilc2TB1RZXbQJyFs5qCiC,142533,4
13,0.438,0.00756,0,-26.44,0,0.0382,0.941,0.00643,0.109,0.277,133.32,audio_features,4l9hml2UCnxoNI3yCdL1BW,spotify:track:4l9hml2UCnxoNI3yCdL1BW,https://api.spotify.com/v1/tracks/4l9hml2UCnxoNI3yCdL1BW,https://api.spotify.com/v1/audio-analysis/4l9hml2UCnxoNI3yCdL1BW,141133,4
14,0.723,0.0811,0,-14.113,1,0.0631,0.779,0.0,0.509,0.36,88.044,audio_features,5y8zb3grlQonjdqd27K39T,spotify:track:5y8zb3grlQonjdqd27K39T,https://api.spotify.com/v1/tracks/5y8zb3grlQonjdqd27K39T,https://api.spotify.com/v1/audio-analysis/5y8zb3grlQonjdqd27K39T,181493,4
15,0.355,0.0304,1,-20.479,1,0.0361,0.989,0.0555,0.116,0.188,90.495,audio_features,4smkJW6uzoHxGReZqqwHS5,spotify:track:4smkJW6uzoHxGReZqqwHS5,https://api.spotify.com/v1/tracks/4smkJW6uzoHxGReZqqwHS5,https://api.spotify.com/v1/audio-analysis/4smkJW6uzoHxGReZqqwHS5,211533,3
16,0.172,0.0696,11,-21.295,0,0.0339,0.916,0.00199,0.137,0.103,167.974,audio_features,2gNjmvuQiEd2z9SqyYi8HH,spotify:track:2gNjmvuQiEd2z9SqyYi8HH,https://api.spotify.com/v1/tracks/2gNjmvuQiEd2z9SqyYi8HH,https://api.spotify.com/v1/audio-analysis/2gNjmvuQiEd2z9SqyYi8HH,298133,5
17,0.67,0.365,0,-10.158,1,0.0564,0.525,0.0,0.0575,0.45,119.344,audio_features,2dR5WkrpwylTuT3jRWNufa,spotify:track:2dR5WkrpwylTuT3jRWNufa,https://api.spotify.com/v1/tracks/2dR5WkrpwylTuT3jRWNufa,https://api.spotify.com/v1/audio-analysis/2dR5WkrpwylTuT3jRWNufa,147147,4
18,0.474,0.0676,9,-16.101,0,0.0363,0.963,0.00291,0.14,0.248,115.713,audio_features,0uPkCpuoERqrkBL06Art50,spotify:track:0uPkCpuoERqrkBL06Art50,https://api.spotify.com/v1/tracks/0uPkCpuoERqrkBL06Art50,https://api.spotify.com/v1/audio-analysis/0uPkCpuoERqrkBL06Art50,295240,3
19,0.52,0.132,0,-17.857,1,0.0478,0.916,0.00101,0.246,0.377,127.355,audio_features,0Wh99eifNTNqDFRtzWhCE2,spotify:track:0Wh99eifNTNqDFRtzWhCE2,https://api.spotify.com/v1/tracks/0Wh99eifNTNqDFRtzWhCE2,https://api.spotify.com/v1/audio-analysis/0Wh99eifNTNqDFRtzWhCE2,256560,4
20,0.532,0.151,0,-17.266,1,0.0376,0.706,0.00136,0.116,0.211,136.759,audio_features,4vLYewWIvqHfKtJDk8c8tq,spotify:track:4vLYewWIvqHfKtJDk8c8tq,https://api.spotify.com/v1/tracks/4vLYewWIvqHfKtJDk8c8tq,https://api.spotify.com/v1/audio-analysis/4vLYewWIvqHfKtJDk8c8tq,562640,4
21,0.663,0.264,0,-14.571,1,0.0914,0.706,0.0,0.1,0.657,122.482,audio_features,33jt3kYWjQzqn3xyYQ5ZEh,spotify:track:33jt3kYWjQzqn3xyYQ5ZEh,https://api.spotify.com/v1/tracks/33jt3kYWjQzqn3xyYQ5ZEh,https://api.spotify.com/v1/audio-analysis/33jt3kYWjQzqn3xyYQ5ZEh,354533,4
22,0.515,0.583,0,-8.182,0,0.0284,0.749,0.000294,0.123,0.414,116.11,audio_features,0sCeNwt8xRCMR4NhKpMyBe,spotify:track:0sCeNwt8xRCMR4NhKpMyBe,https://api.spotify.com/v1/tracks/0sCeNwt8xRCMR4NhKpMyBe,https://api.spotify.com/v1/audio-analysis/0sCeNwt8xRCMR4NhKpMyBe,333947,4
23,0.639,0.269,8,-11.435,1,0.0698,0.982,0.12,0.141,0.539,124.866,audio_features,1pZn8AX1WulW8IO338hE5D,spotify:track:1pZn8AX1WulW8IO338hE5D,https://api.spotify.com/v1/tracks/1pZn8AX1WulW8IO338hE5D,https://api.spotify.com/v1/audio-analysis/1pZn8AX1WulW8IO338hE5D,207827,4
24,0.417,0.42,0,-13.046,0,0.06,0.186,0.00111,0.185,0.517,147.143,audio_features,1ZXu0ib26kWfQQngREMcU2,spotify:track:1ZXu0ib26kWfQQngREMcU2,https://api.spotify.com/v1/tracks/1ZXu0ib26kWfQQngREMcU2,https://api.spotify.com/v1/audio-analysis/1ZXu0ib26kWfQQngREMcU2,287844,4
25,0.501,0.0454,0,-18.783,1,0.0388,0.938,3.76e-05,0.2,0.255,99.783,audio_features,4m6OC8u2rC6LMFtFWsME7d,spotify:track:4m6OC8u2rC6LMFtFWsME7d,https://api.spotify.com/v1/tracks/4m6OC8u2rC6LMFtFWsME7d,https://api.spotify.com/v1/audio-analysis/4m6OC8u2rC6LMFtFWsME7d,166760,4
26,0.488,0.0527,5,-27.331,1,0.0478,0.971,0.911,0.0882,0.193,49.689,audio_features,4ol2UyMTiklHVujAWg02nE,spotify:track:4ol2UyMTiklHVujAWg02nE,https://api.spotify.com/v1/tracks/4ol2UyMTiklHVujAWg02nE,https://api.spotify.com/v1/audio-analysis/4ol2UyMTiklHVujAWg02nE,306227,4
27,0.463,0.654,8,-9.72,1,0.0659,0.824,0.917,0.372,0.592,175.204,audio_features,54h1RKrrFJDsNOfhwmqu9o,spotify:track:54h1RKrrFJDsNOfhwmqu9o,https://api.spotify.com/v1/tracks/54h1RKrrFJDsNOfhwmqu9o,https://api.spotify.com/v1/audio-analysis/54h1RKrrFJDsNOfhwmqu9o,209573,4
28,0.425,0.0469,7,-18.612,0,0.0354,0.955,0.0,0.137,0.154,135.335,audio_features,0f2489MzoisF9pKduawvce,spotify:track:0f2489MzoisF9pKduawvce,https://api.spotify.com/v1/tracks/0f2489MzoisF9pKduawvce,https://api.spotify.com/v1/audio-analysis/0f2489MzoisF9pKduawvce,356627,4
29,0.716,0.133,0,-15.846,1,0.0421,0.879,0.0,0.0966,0.551,62.14,audio_features,7Kc3hZoCRTs5dNHU7GqT9x,spotify:track:7Kc3hZoCRTs5dNHU7GqT9x,https://api.spotify.com/v1/tracks/7Kc3hZoCRTs5dNHU7GqT9x,https://api.spotify.com/v1/audio-analysis/7Kc3hZoCRTs5dNHU7GqT9x,140520,3
30,0.685,0.472,9,-9.691,0,0.0298,0.785,0.284,0.224,0.475,80.487,audio_features,6MN6yRVriszuyAVlyF8ndB,spotify:track:6MN6yRVriszuyAVlyF8ndB,https://api.spotify.com/v1/tracks/6MN6yRVriszuyAVlyF8ndB,https://api.spotify.com/v1/audio-analysis/6MN6yRVriszuyAVlyF8ndB,205720,4
31,0.558,0.231,5,-11.436,0,0.0812,0.805,0.0,0.142,0.403,73.103,audio_features,0Rk9byjmZksAJX15onGns5,spotify:track:0Rk9byjmZksAJX15onGns5,https://api.spotify.com/v1/tracks/0Rk9byjmZksAJX15onGns5,https://api.spotify.com/v1/audio-analysis/0Rk9byjmZksAJX15onGns5,167493,4
32,0.504,0.0644,2,-14.754,0,0.0408,0.972,4.36e-06,0.174,0.403,106.994,audio_features,1LGqJ3nvxpVXDWpEzq4DJD,spotify:track:1LGqJ3nvxpVXDWpEzq4DJD,https://api.spotify.com/v1/tracks/1LGqJ3nvxpVXDWpEzq4DJD,https://api.spotify.com/v1/audio-analysis/1LGqJ3nvxpVXDWpEzq4DJD,181440,5
33,0.372,0.187,0,-13.497,0,0.0323,0.942,0.139,0.161,0.217,70.334,audio_features,4rmCI9VWrwrJTJ8XQ80BMN,spotify:track:4rmCI9VWrwrJTJ8XQ80BMN,https://api.spotify.com/v1/tracks/4rmCI9VWrwrJTJ8XQ80BMN,https://api.spotify.com/v1/audio-analysis/4rmCI9VWrwrJTJ8XQ80BMN,319733,4
34,0.421,0.08,7,-21.795,1,0.04,0.903,0.859,0.135,0.0546,122.044,audio_features,3f9KhpRN6mMYoVnpuozgHD,spotify:track:3f9KhpRN6mMYoVnpuozgHD,https://api.spotify.com/v1/tracks/3f9KhpRN6mMYoVnpuozgHD,https://api.spotify.com/v1/audio-analysis/3f9KhpRN6mMYoVnpuozgHD,257693,3
35,0.442,0.033,10,-23.063,1,0.041,0.922,0.000171,0.151,0.21,103.34,audio_features,4gFlHAye7To29Fs4UszQUH,spotify:track:4gFlHAye7To29Fs4UszQUH,https://api.spotify.com/v1/tracks/4gFlHAye7To29Fs4UszQUH,https://api.spotify.com/v1/audio-analysis/4gFlHAye7To29Fs4UszQUH,179640,3
36,0.588,0.0387,0,-17.944,0,0.06,0.978,0.823,0.116,0.342,83.4,audio_features,6oSm3mBWFxJHEnjE2IqhmA,spotify:track:6oSm3mBWFxJHEnjE2IqhmA,https://api.spotify.com/v1/tracks/6oSm3mBWFxJHEnjE2IqhmA,https://api.spotify.com/v1/audio-analysis/6oSm3mBWFxJHEnjE2IqhmA,205667,4
37,0.427,0.114,2,-22.546,0,0.0509,0.843,0.863,0.0966,0.114,60.484,audio_features,1J9iVCaEriyoMXpj2XszhU,spotify:track:1J9iVCaEriyoMXpj2XszhU,https://api.spotify.com/v1/tracks/1J9iVCaEriyoMXpj2XszhU,https://api.spotify.com/v1/audio-analysis/1J9iVCaEriyoMXpj2XszhU,282320,4
38,0.572,0.398,0,-10.751,1,0.0376,0.841,4.59e-06,0.128,0.76,86.135,audio_features,2XzHou7MZzOBQBqjWw86Nt,spotify:track:2XzHou7MZzOBQBqjWw86Nt,https://api.spotify.com/v1/tracks/2XzHou7MZzOBQBqjWw86Nt,https://api.spotify.com/v1/audio-analysis/2XzHou7MZzOBQBqjWw86Nt,244867,4
39,0.539,0.0678,0,-18.039,1,0.0468,0.967,0.168,0.114,0.263,124.105,audio_features,4zPDjRgceGrR0Sm54YDTTf,spotify:track:4zPDjRgceGrR0Sm54YDTTf,https://api.spotify.com/v1/tracks/4zPDjRgceGrR0Sm54YDTTf,https://api.spotify.com/v1/audio-analysis/4zPDjRgceGrR0Sm54YDTTf,294667,4
40,0.499,0.0539,11,-21.882,1,0.0396,0.972,0.0287,0.0839,0.324,72.981,audio_features,1XCBWtTJZuHbwa6GLUutjo,spotify:track:1XCBWtTJZuHbwa6GLUutjo,https://api.spotify.com/v1/tracks/1XCBWtTJZuHbwa6GLUutjo,https://api.spotify.com/v1/audio-analysis/1XCBWtTJZuHbwa6GLUutjo,280840,4
41,0.478,0.0294,0,-25.319,1,0.0453,0.993,0.948,0.105,0.148,124.308,audio_features,1cpANF6zMBoFoxkoIjZHjv,spotify:track:1cpANF6zMBoFoxkoIjZHjv,https://api.spotify.com/v1/tracks/1cpANF6zMBoFoxkoIjZHjv,https://api.spotify.com/v1/audio-analysis/1cpANF6zMBoFoxkoIjZHjv,324200,3
42,0.626,0.152,5,-14.182,0,0.0405,0.934,6.05e-05,0.12,0.545,82.174,audio_features,3pfbQmD5xGH9Tcc7GqGfSL,spotify:track:3pfbQmD5xGH9Tcc7GqGfSL,https://api.spotify.com/v1/tracks/3pfbQmD5xGH9Tcc7GqGfSL,https://api.spotify.com/v1/audio-analysis/3pfbQmD5xGH9Tcc7GqGfSL,184467,4
43,0.203,0.0895,2,-19.755,0,0.0404,0.971,0.0213,0.108,0.115,173.451,audio_features,2WMyu5IYgxEuCd6xgFgJrl,spotify:track:2WMyu5IYgxEuCd6xgFgJrl,https://api.spotify.com/v1/tracks/2WMyu5IYgxEuCd6xgFgJrl,https://api.spotify.com/v1/audio-analysis/2WMyu5IYgxEuCd6xgFgJrl,173533,1
44,0.339,0.342,7,-7.596,0,0.0313,0.962,0.319,0.162,0.393,132.599,audio_features,6cU4urQRUieTBH08yKHAqj,spotify:track:6cU4urQRUieTBH08yKHAqj,https://api.spotify.com/v1/tracks/6cU4urQRUieTBH08yKHAqj,https://api.spotify.com/v1/audio-analysis/6cU4urQRUieTBH08yKHAqj,167121,3
45,0.492,0.0671,10,-15.671,0,0.0399,0.958,0.000968,0.109,0.165,124.908,audio_features,1xlyVmdCo5lMRIzuMlAUF7,spotify:track:1xlyVmdCo5lMRIzuMlAUF7,https://api.spotify.com/v1/tracks/1xlyVmdCo5lMRIzuMlAUF7,https://api.spotify.com/v1/audio-analysis/1xlyVmdCo5lMRIzuMlAUF7,147413,4
46,0.425,0.0429,1,-24.86,1,0.0408,0.951,0.0184,0.148,0.255,96.097,audio_features,1xaTXPoDk4VOU9XhYX4KJM,spotify:track:1xaTXPoDk4VOU9XhYX4KJM,https://api.spotify.com/v1/tracks/1xaTXPoDk4VOU9XhYX4KJM,https://api.spotify.com/v1/audio-analysis/1xaTXPoDk4VOU9XhYX4KJM,419627,4
47,0.455,0.106,2,-14.086,1,0.0422,0.986,0.0,0.122,0.258,66.807,audio_features,5DIVWgTeJ2fPIxaY9e7ZKn,spotify:track:5DIVWgTeJ2fPIxaY9e7ZKn,https://api.spotify.com/v1/tracks/5DIVWgTeJ2fPIxaY9e7ZKn,https://api.spotify.com/v1/audio-analysis/5DIVWgTeJ2fPIxaY9e7ZKn,196440,4
48,0.535,0.258,7,-9.499,0,0.033,0.768,8.95e-05,0.115,0.281,110.953,audio_features,0X5DcGkbxCXSadgj01ZXd7,spotify:track:0X5DcGkbxCXSadgj01ZXd7,https://api.spotify.com/v1/tracks/0X5DcGkbxCXSadgj01ZXd7,https://api.spotify.com/v1/audio-analysis/0X5DcGkbxCXSadgj01ZXd7,659520,4
49,0.224,0.214,2,-14.455,0,0.0348,0.976,0.00094,0.367,0.14,83.906,audio_features,7gHFBNy0Qn86xGKJ9OdFTw,spotify:track:7gHFBNy0Qn86xGKJ9OdFTw,https://api.spotify.com/v1/tracks/7gHFBNy0Qn86xGKJ9OdFTw,https://api.spotify.com/v1/audio-analysis/7gHFBNy0Qn86xGKJ9OdFTw,179373,3
50,0.673,0.377,0,-14.141,1,0.0697,0.586,0.0,0.332,0.713,88.973,audio_features,0RNxWy0PC3AyH4ThH3aGK6,spotify:track:0RNxWy0PC3AyH4ThH3aGK6,https://api.spotify.com/v1/tracks/0RNxWy0PC3AyH4ThH3aGK6,https://api.spotify.com/v1/audio-analysis/0RNxWy0PC3AyH4ThH3aGK6,201467,4
51,0.742,0.671,5,-8.142,0,0.0407,0.794,0.00441,0.122,0.591,127.359,audio_features,1CDBaGlisZlOJzvx88lL8A,spotify:track:1CDBaGlisZlOJzvx88lL8A,https://api.spotify.com/v1/tracks/1CDBaGlisZlOJzvx88lL8A,https://api.spotify.com/v1/audio-analysis/1CDBaGlisZlOJzvx88lL8A,438280,4
52,0.71,0.318,0,-8.948,0,0.0432,0.867,0.00038,0.169,0.58,126.05,audio_features,7GBPpRMtLyGA6svXQMNfIN,spotify:track:7GBPpRMtLyGA6svXQMNfIN,https://api.spotify.com/v1/tracks/7GBPpRMtLyGA6svXQMNfIN,https://api.spotify.com/v1/audio-analysis/7GBPpRMtLyGA6svXQMNfIN,194240,4
53,0.612,0.526,0,-8.558,0,0.0272,0.727,0.0331,0.183,0.594,129.341,audio_features,38xcUjiTP1ivfb7ObwjyGA,spotify:track:38xcUjiTP1ivfb7ObwjyGA,https://api.spotify.com/v1/tracks/38xcUjiTP1ivfb7ObwjyGA,https://api.spotify.com/v1/audio-analysis/38xcUjiTP1ivfb7ObwjyGA,429267,4
54,0.612,0.493,5,-8.589,0,0.0467,0.804,0.266,0.202,0.484,126.358,audio_features,4Vkk3iD1VrENHJEACNddvt,spotify:track:4Vkk3iD1VrENHJEACNddvt,https://api.spotify.com/v1/tracks/4Vkk3iD1VrENHJEACNddvt,https://api.spotify.com/v1/audio-analysis/4Vkk3iD1VrENHJEACNddvt,570720,4
55,0.542,0.32,8,-9.975,1,0.0387,0.907,0.649,0.0609,0.206,116.648,audio_features,1wl5b2lw3YagQtZiYZbQWP,spotify:track:1wl5b2lw3YagQtZiYZbQWP,https://api.spotify.com/v1/tracks/1wl5b2lw3YagQtZiYZbQWP,https://api.spotify.com/v1/audio-analysis/1wl5b2lw3YagQtZiYZbQWP,193840,4
56,0.525,0.222,10,-11.065,0,0.0373,0.836,0.0799,0.051,0.645,156.364,audio_features,1xUJ1mdLAysxNBtO9w3J2g,spotify:track:1xUJ1mdLAysxNBtO9w3J2g,https://api.spotify.com/v1/tracks/1xUJ1mdLAysxNBtO9w3J2g,https://api.spotify.com/v1/audio-analysis/1xUJ1mdLAysxNBtO9w3J2g,195533,4
57,0.476,0.0794,9,-19.166,0,0.0365,0.955,0.872,0.112,0.118,103.181,audio_features,1wnbi9NzQPBCobZ6OYCpqH,spotify:track:1wnbi9NzQPBCobZ6OYCpqH,https://api.spotify.com/v1/tracks/1wnbi9NzQPBCobZ6OYCpqH,https://api.spotify.com/v1/audio-analysis/1wnbi9NzQPBCobZ6OYCpqH,162680,4
58,0.292,0.012,10,-21.638,0,0.0393,0.905,0.164,0.0813,0.133,170.106,audio_features,5cAwEKmadsW4nCYe9QUvgU,spotify:track:5cAwEKmadsW4nCYe9QUvgU,https://api.spotify.com/v1/tracks/5cAwEKmadsW4nCYe9QUvgU,https://api.spotify.com/v1/audio-analysis/5cAwEKmadsW4nCYe9QUvgU,265049,3
59,0.494,0.182,10,-11.116,0,0.0443,0.79,0.00036,0.129,0.21,112.689,audio_features,5vb7At47uO0yPGfmYnAHuw,spotify:track:5vb7At47uO0yPGfmYnAHuw,https://api.spotify.com/v1/tracks/5vb7At47uO0yPGfmYnAHuw,https://api.spotify.com/v1/audio-analysis/5vb7At47uO0yPGfmYnAHuw,355333,4
60,0.561,0.346,0,-12.596,0,0.0409,0.873,0.399,0.104,0.697,93.689,audio_features,6CDQBADsdzJwc3qZ3OPDHH,spotify:track:6CDQBADsdzJwc3qZ3OPDHH,https://api.spotify.com/v1/tracks/6CDQBADsdzJwc3qZ3OPDHH,https://api.spotify.com/v1/audio-analysis/6CDQBADsdzJwc3qZ3OPDHH,290293,4
61,0.356,0.0937,8,-16.64,0,0.0353,0.957,0.096,0.209,0.278,86.669,audio_features,3PJMsxg6rz9FOo6xNiASXz,spotify:track:3PJMsxg6rz9FOo6xNiASXz,https://api.spotify.com/v1/tracks/3PJMsxg6rz9FOo6xNiASXz,https://api.spotify.com/v1/audio-analysis/3PJMsxg6rz9FOo6xNiASXz,342373,3
62,0.522,0.379,4,-14.096,0,0.0286,0.635,0.925,0.114,0.454,133.698,audio_features,7yzM0pEseQUpb6BMViOPEA,spotify:track:7yzM0pEseQUpb6BMViOPEA,https://api.spotify.com/v1/tracks/7yzM0pEseQUpb6BMViOPEA,https://api.spotify.com/v1/audio-analysis/7yzM0pEseQUpb6BMViOPEA,251600,3
63,0.551,0.119,0,-15.468,0,0.0435,0.924,0.00264,0.119,0.243,70.129,audio_features,5FYgwqjjq9kPCMj8yArfTr,spotify:track:5FYgwqjjq9kPCMj8yArfTr,https://api.spotify.com/v1/tracks/5FYgwqjjq9kPCMj8yArfTr,https://api.spotify.com/v1/audio-analysis/5FYgwqjjq9kPCMj8yArfTr,358200,4
64,0.418,0.295,6,-14.667,1,0.0303,0.913,0.896,0.248,0.132,109.621,audio_features,4DVu7YgHVJaeN0C7HNpy2q,spotify:track:4DVu7YgHVJaeN0C7HNpy2q,https://api.spotify.com/v1/tracks/4DVu7YgHVJaeN0C7HNpy2q,https://api.spotify.com/v1/audio-analysis/4DVu7YgHVJaeN0C7HNpy2q,498147,4
65,0.553,0.546,9,-7.459,0,0.0341,0.439,0.000557,0.167,0.7,118.214,audio_features,1xicvSO4CJ2ymqYgpk7DFh,spotify:track:1xicvSO4CJ2ymqYgpk7DFh,https://api.spotify.com/v1/tracks/1xicvSO4CJ2ymqYgpk7DFh,https://api.spotify.com/v1/audio-analysis/1xicvSO4CJ2ymqYgpk7DFh,342067,4
66,0.365,0.136,0,-12.42,1,0.0436,0.921,0.0,0.103,0.255,64.212,audio_features,0DuWyzeLH09PQcnOMJiRgE,spotify:track:0DuWyzeLH09PQcnOMJiRgE,https://api.spotify.com/v1/tracks/0DuWyzeLH09PQcnOMJiRgE,https://api.spotify.com/v1/audio-analysis/0DuWyzeLH09PQcnOMJiRgE,197707,3
67,0.277,0.242,4,-18.442,1,0.0342,0.694,0.464,0.113,0.285,175.384,audio_features,2JOEPbuwVf0nafGnMSVEhH,spotify:track:2JOEPbuwVf0nafGnMSVEhH,https://api.spotify.com/v1/tracks/2JOEPbuwVf0nafGnMSVEhH,https://api.spotify.com/v1/audio-analysis/2JOEPbuwVf0nafGnMSVEhH,824133,3
68,0.593,0.103,10,-14.961,1,0.081,0.986,0.6,0.12,0.443,66.283,audio_features,7AHF3V7qRPhZV7gzJLZ3CL,spotify:track:7AHF3V7qRPhZV7gzJLZ3CL,https://api.spotify.com/v1/tracks/7AHF3V7qRPhZV7gzJLZ3CL,https://api.spotify.com/v1/audio-analysis/7AHF3V7qRPhZV7gzJLZ3CL,190933,4
69,0.336,0.0619,5,-20.494,0,0.0363,0.985,0.891,0.11,0.197,60.705,audio_features,3GOZbK2epuHzCt5YvvVFHO,spotify:track:3GOZbK2epuHzCt5YvvVFHO,https://api.spotify.com/v1/tracks/3GOZbK2epuHzCt5YvvVFHO,https://api.spotify.com/v1/audio-analysis/3GOZbK2epuHzCt5YvvVFHO,190400,4
70,0.55,0.179,5,-12.481,1,0.039,0.965,0.368,0.0746,0.349,129.536,audio_features,1qeO0T3LIqlUvrELz3Gngk,spotify:track:1qeO0T3LIqlUvrELz3Gngk,https://api.spotify.com/v1/tracks/1qeO0T3LIqlUvrELz3Gngk,https://api.spotify.com/v1/audio-analysis/1qeO0T3LIqlUvrELz3Gngk,259813,4
71,0.341,0.0446,10,-18.109,1,0.0348,0.909,0.00785,0.157,0.128,174.365,audio_features,1jf3wYtynxiPOdhqAp3cUN,spotify:track:1jf3wYtynxiPOdhqAp3cUN,https://api.spotify.com/v1/tracks/1jf3wYtynxiPOdhqAp3cUN,https://api.spotify.com/v1/audio-analysis/1jf3wYtynxiPOdhqAp3cUN,258107,3
72,0.497,0.086,7,-13.579,1,0.0443,0.974,0.00106,0.124,0.171,129.332,audio_features,6cRsRBzSaGwfnMMqNSjtFY,spotify:track:6cRsRBzSaGwfnMMqNSjtFY,https://api.spotify.com/v1/tracks/6cRsRBzSaGwfnMMqNSjtFY,https://api.spotify.com/v1/audio-analysis/6cRsRBzSaGwfnMMqNSjtFY,228360,4
73,0.483,0.364,9,-10.78,0,0.0265,0.564,0.299,0.0542,0.349,98.445,audio_features,5FBf12F4ry9TXoZAvISu6F,spotify:track:5FBf12F4ry9TXoZAvISu6F,https://api.spotify.com/v1/tracks/5FBf12F4ry9TXoZAvISu6F,https://api.spotify.com/v1/audio-analysis/5FBf12F4ry9TXoZAvISu6F,349907,4
74,0.578,0.351,11,-12.432,0,0.101,0.813,0.0,0.123,0.476,122.712,audio_features,5z161QQZMgQxSILnv3QoJk,spotify:track:5z161QQZMgQxSILnv3QoJk,https://api.spotify.com/v1/tracks/5z161QQZMgQxSILnv3QoJk,https://api.spotify.com/v1/audio-analysis/5z161QQZMgQxSILnv3QoJk,240867,4
75,0.652,0.356,5,-13.733,0,0.0419,0.546,0.000103,0.132,0.56,148.822,audio_features,2kF9Ijd7I2Kk2P4bYqUmzG,spotify:track:2kF9Ijd7I2Kk2P4bYqUmzG,https://api.spotify.com/v1/tracks/2kF9Ijd7I2Kk2P4bYqUmzG,https://api.spotify.com/v1/audio-analysis/2kF9Ijd7I2Kk2P4bYqUmzG,242347,4
76,0.629,0.278,8,-12.229,1,0.0329,0.662,0.000229,0.106,0.503,128.453,audio_features,3NvYPUNu6nwQgN31UnoDbn,spotify:track:3NvYPUNu6nwQgN31UnoDbn,https://api.spotify.com/v1/tracks/3NvYPUNu6nwQgN31UnoDbn,https://api.spotify.com/v1/audio-analysis/3NvYPUNu6nwQgN31UnoDbn,586493,4
77,0.564,0.0822,8,-17.658,1,0.0453,0.962,0.583,0.11,0.483,127.422,audio_features,6LPqphk2rbt2i63bR2o247,spotify:track:6LPqphk2rbt2i63bR2o247,https://api.spotify.com/v1/tracks/6LPqphk2rbt2i63bR2o247,https://api.spotify.com/v1/audio-analysis/6LPqphk2rbt2i63bR2o247,169507,4
78,0.147,0.215,3,-14.594,0,0.0346,0.965,0.000928,0.184,0.102,171.46,audio_features,7KsJkshpIjjeIwyKnkhQUc,spotify:track:7KsJkshpIjjeIwyKnkhQUc,https://api.spotify.com/v1/tracks/7KsJkshpIjjeIwyKnkhQUc,https://api.spotify.com/v1/audio-analysis/7KsJkshpIjjeIwyKnkhQUc,266800,3
79,0.503,0.286,8,-15.425,1,0.045,0.643,0.00112,0.156,0.569,136.098,audio_features,3zIuHdD8dkh1vPxQu334T7,spotify:track:3zIuHdD8dkh1vPxQu334T7,https://api.spotify.com/v1/tracks/3zIuHdD8dkh1vPxQu334T7,https://api.spotify.com/v1/audio-analysis/3zIuHdD8dkh1vPxQu334T7,643128,4
80,0.575,0.187,0,-13.081,0,0.0512,0.927,0.877,0.166,0.342,107.469,audio_features,1sce5VJvCOYYDAR9rp9KdG,spotify:track:1sce5VJvCOYYDAR9rp9KdG,https://api.spotify.com/v1/tracks/1sce5VJvCOYYDAR9rp9KdG,https://api.spotify.com/v1/audio-analysis/1sce5VJvCOYYDAR9rp9KdG,525613,4
81,0.599,0.444,5,-8.648,0,0.044,0.82,0.000474,0.122,0.508,142.81,audio_features,10kVwPSRjUYja0EtdqmXHe,spotify:track:10kVwPSRjUYja0EtdqmXHe,https://api.spotify.com/v1/tracks/10kVwPSRjUYja0EtdqmXHe,https://api.spotify.com/v1/audio-analysis/10kVwPSRjUYja0EtdqmXHe,369387,4
82,0.659,0.113,10,-16.756,0,0.0569,0.976,0.88,0.179,0.738,95.063,audio_features,2xm9ihELo6xwrRKrBbPql9,spotify:track:2xm9ihELo6xwrRKrBbPql9,https://api.spotify.com/v1/tracks/2xm9ihELo6xwrRKrBbPql9,https://api.spotify.com/v1/audio-analysis/2xm9ihELo6xwrRKrBbPql9,182360,4
83,0.417,0.0644,4,-19.687,0,0.0359,0.971,0.000134,0.126,0.138,113.713,audio_features,6Kr25pa3pTd4no3yA0EcW1,spotify:track:6Kr25pa3pTd4no3yA0EcW1,https://api.spotify.com/v1/tracks/6Kr25pa3pTd4no3yA0EcW1,https://api.spotify.com/v1/audio-analysis/6Kr25pa3pTd4no3yA0EcW1,191960,4
84,0.438,0.106,0,-14.939,1,0.0353,0.947,0.000103,0.147,0.0508,118.785,audio_features,5m3XMzewNg9EADweC7j7Nn,spotify:track:5m3XMzewNg9EADweC7j7Nn,https://api.spotify.com/v1/tracks/5m3XMzewNg9EADweC7j7Nn,https://api.spotify.com/v1/audio-analysis/5m3XMzewNg9EADweC7j7Nn,291173,4
85,0.621,0.197,7,-14.483,1,0.0573,0.99,0.878,0.152,0.569,120.194,audio_features,5PocwBP4qm33W4eQSZyVBZ,spotify:track:5PocwBP4qm33W4eQSZyVBZ,https://api.spotify.com/v1/tracks/5PocwBP4qm33W4eQSZyVBZ,https://api.spotify.com/v1/audio-analysis/5PocwBP4qm33W4eQSZyVBZ,214000,4
86,0.567,0.124,0,-16.446,1,0.0562,0.792,0.0,0.106,0.343,79.37,audio_features,0BFCbH1cxzeUSJBVwJGRLg,spotify:track:0BFCbH1cxzeUSJBVwJGRLg,https://api.spotify.com/v1/tracks/0BFCbH1cxzeUSJBVwJGRLg,https://api.spotify.com/v1/audio-analysis/0BFCbH1cxzeUSJBVwJGRLg,162867,4
87,0.505,0.159,7,-11.235,0,0.0336,0.946,0.0127,0.212,0.196,59.385,audio_features,7ysmJhXFQtiBQlk6EZ6sks,spotify:track:7ysmJhXFQtiBQlk6EZ6sks,https://api.spotify.com/v1/tracks/7ysmJhXFQtiBQlk6EZ6sks,https://api.spotify.com/v1/audio-analysis/7ysmJhXFQtiBQlk6EZ6sks,295200,4
88,0.544,0.425,10,-10.231,1,0.0346,0.719,0.0186,0.964,0.348,84.443,audio_features,6NF8MZ2trxckVBr82pyyPt,spotify:track:6NF8MZ2trxckVBr82pyyPt,https://api.spotify.com/v1/tracks/6NF8MZ2trxckVBr82pyyPt,https://api.spotify.com/v1/audio-analysis/6NF8MZ2trxckVBr82pyyPt,313200,4
89,0.53,0.454,7,-11.19,0,0.028,0.768,0.116,0.113,0.492,135.947,audio_features,2JITVZu8o6ls9k8SoMRy7w,spotify:track:2JITVZu8o6ls9k8SoMRy7w,https://api.spotify.com/v1/tracks/2JITVZu8o6ls9k8SoMRy7w,https://api.spotify.com/v1/audio-analysis/2JITVZu8o6ls9k8SoMRy7w,449773,3
90,0.47,0.308,5,-18.663,1,0.0369,0.82,0.039,0.115,0.857,115.459,audio_features,4aThNuFztJ15YremppiZUJ,spotify:track:4aThNuFztJ15YremppiZUJ,https://api.spotify.com/v1/tracks/4aThNuFztJ15YremppiZUJ,https://api.spotify.com/v1/audio-analysis/4aThNuFztJ15YremppiZUJ,203467,4
91,0.54,0.0671,1,-18.633,1,0.0397,0.966,0.779,0.101,0.316,84.192,audio_features,2g1iBv7SXxiXX0IEG4lz2k,spotify:track:2g1iBv7SXxiXX0IEG4lz2k,https://api.spotify.com/v1/tracks/2g1iBv7SXxiXX0IEG4lz2k,https://api.spotify.com/v1/audio-analysis/2g1iBv7SXxiXX0IEG4lz2k,286133,4
92,0.517,0.273,10,-17.279,0,0.0627,0.866,0.774,0.979,0.321,63.423,audio_features,1GZD0TZJHmdQaZsucHBmWT,spotify:track:1GZD0TZJHmdQaZsucHBmWT,https://api.spotify.com/v1/tracks/1GZD0TZJHmdQaZsucHBmWT,https://api.spotify.com/v1/audio-analysis/1GZD0TZJHmdQaZsucHBmWT,354573,4
93,0.635,0.0278,2,-21.504,0,0.0406,0.537,0.872,0.213,0.12,103.016,audio_features,4JWfPMjVEh4SusNs8V3gt5,spotify:track:4JWfPMjVEh4SusNs8V3gt5,https://api.spotify.com/v1/tracks/4JWfPMjVEh4SusNs8V3gt5,https://api.spotify.com/v1/audio-analysis/4JWfPMjVEh4SusNs8V3gt5,243333,4
94,0.671,0.352,0,-11.511,1,0.0556,0.532,0.000141,0.11,0.396,120.235,audio_features,38R2EViAkYOFG8ZkG3GLtW,spotify:track:38R2EViAkYOFG8ZkG3GLtW,https://api.spotify.com/v1/tracks/38R2EViAkYOFG8ZkG3GLtW,https://api.spotify.com/v1/audio-analysis/38R2EViAkYOFG8ZkG3GLtW,342891,4
95,0.803,0.335,8,-13.331,1,0.0451,0.579,0.0128,0.0849,0.786,132.682,audio_features,18A1V1vsy5YgHFqb4galTw,spotify:track:18A1V1vsy5YgHFqb4galTw,https://api.spotify.com/v1/tracks/18A1V1vsy5YgHFqb4galTw,https://api.spotify.com/v1/audio-analysis/18A1V1vsy5YgHFqb4galTw,330440,4
96,0.373,0.302,1,-20.358,0,0.0376,0.818,0.835,0.171,0.35,86.925,audio_features,0Dt1B5dNfajRczQKZA87aL,spotify:track:0Dt1B5dNfajRczQKZA87aL,https://api.spotify.com/v1/tracks/0Dt1B5dNfajRczQKZA87aL,https://api.spotify.com/v1/audio-analysis/0Dt1B5dNfajRczQKZA87aL,435267,4
97,0.358,0.452,1,-13.02,1,0.0347,0.991,0.864,0.14,0.525,166.973,audio_features,0Otf1ZfYNIjhqFIuJk0fsy,spotify:track:0Otf1ZfYNIjhqFIuJk0fsy,https://api.spotify.com/v1/tracks/0Otf1ZfYNIjhqFIuJk0fsy,https://api.spotify.com/v1/audio-analysis/0Otf1ZfYNIjhqFIuJk0fsy,193867,4
98,0.608,0.387,11,-20.157,0,0.0411,0.86,0.662,0.187,0.809,91.489,audio_features,5PXIzyJURVKyO1cwVDuGEK,spotify:track:5PXIzyJURVKyO1cwVDuGEK,https://api.spotify.com/v1/tracks/5PXIzyJURVKyO1cwVDuGEK,https://api.spotify.com/v1/audio-analysis/5PXIzyJURVKyO1cwVDuGEK,149080,4
99,0.478,0.231,4,-18.064,0,0.0302,0.869,0.919,0.101,0.136,74.937,audio_features,0kUYnVS6z9YhL22l9pDDcB,spotify:track:0kUYnVS6z9YhL22l9pDDcB,https://api.spotify.com/v1/tracks/0kUYnVS6z9YhL22l9pDDcB,https://api.spotify.com/v1/audio-analysis/0kUYnVS6z9YhL22l9pDDcB,309200,4
100,0.588,0.4,7,-11.914,0,0.036,0.851,0.352,0.11,0.468,113.615,audio_features,7CrNF9zL7tIQ2269DVxzST,spotify:track:7CrNF9zL7tIQ2269DVxzST,https://api.spotify.com/v1/tracks/7CrNF9zL7tIQ2269DVxzST,https://api.spotify.com/v1/audio-analysis/7CrNF9zL7tIQ2269DVxzST,403640,4
101,0.184,0.543,11,-13.583,0,0.0391,0.016,0.0,0.105,0.211,98.4,audio_features,2gG3ivmsfylVXLyIJvLXyN,spotify:track:2gG3ivmsfylVXLyIJvLXyN,https://api.spotify.com/v1/tracks/2gG3ivmsfylVXLyIJvLXyN,https://api.spotify.com/v1/audio-analysis/2gG3ivmsfylVXLyIJvLXyN,396067,3
102,0.27,0.688,0,-16.305,1,0.0547,0.973,0.884,0.669,0.219,75.845,audio_features,4FMI4Ln1LhyxGldkNXan5e,spotify:track:4FMI4Ln1LhyxGldkNXan5e,https://api.spotify.com/v1/tracks/4FMI4Ln1LhyxGldkNXan5e,https://api.spotify.com/v1/audio-analysis/4FMI4Ln1LhyxGldkNXan5e,416840,4
103,0.465,0.35,3,-12.977,1,0.0403,0.41,0.279,0.135,0.62,93.336,audio_features,6YYu8qFzcY1ZyzzsJIQM12,spotify:track:6YYu8qFzcY1ZyzzsJIQM12,https://api.spotify.com/v1/tracks/6YYu8qFzcY1ZyzzsJIQM12,https://api.spotify.com/v1/audio-analysis/6YYu8qFzcY1ZyzzsJIQM12,688133,4
104,0.306,0.0422,6,-22.289,0,0.0386,0.962,0.0264,0.102,0.174,172.477,audio_features,4wGYHJ2Mcvb2QvHinDVGEC,spotify:track:4wGYHJ2Mcvb2QvHinDVGEC,https://api.spotify.com/v1/tracks/4wGYHJ2Mcvb2QvHinDVGEC,https://api.spotify.com/v1/audio-analysis/4wGYHJ2Mcvb2QvHinDVGEC,164933,3
105,0.517,0.0917,0,-18.395,1,0.0336,0.876,0.629,0.108,0.0836,95.068,audio_features,72PqmnVj86bfTnkFiQ9Mx9,spotify:track:72PqmnVj86bfTnkFiQ9Mx9,https://api.spotify.com/v1/tracks/72PqmnVj86bfTnkFiQ9Mx9,https://api.spotify.com/v1/audio-analysis/72PqmnVj86bfTnkFiQ9Mx9,267173,4
106,0.412,0.195,8,-10.288,1,0.0331,0.9,0.709,0.106,0.0778,133.918,audio_features,1czzmAtPTw287TyMQEfCfg,spotify:track:1czzmAtPTw287TyMQEfCfg,https://api.spotify.com/v1/tracks/1czzmAtPTw287TyMQEfCfg,https://api.spotify.com/v1/audio-analysis/1czzmAtPTw287TyMQEfCfg,372493,4
107,0.618,0.0772,9,-21.306,0,0.0514,0.975,0.919,0.107,0.36,104.691,audio_features,1CRxANVlNyN2IYjarx96gU,spotify:track:1CRxANVlNyN2IYjarx96gU,https://api.spotify.com/v1/tracks/1CRxANVlNyN2IYjarx96gU,https://api.spotify.com/v1/audio-analysis/1CRxANVlNyN2IYjarx96gU,273800,4
108,0.414,0.336,5,-16.054,0,0.0352,0.873,0.921,0.114,0.418,78.922,audio_features,12uL43MR8byTEjtg241Z7m,spotify:track:12uL43MR8byTEjtg241Z7m,https://api.spotify.com/v1/tracks/12uL43MR8byTEjtg241Z7m,https://api.spotify.com/v1/audio-analysis/12uL43MR8byTEjtg241Z7m,214027,4
109,0.438,0.0172,9,-23.66,1,0.0384,0.973,0.557,0.0815,0.136,100.989,audio_features,1WygPWqmNs4s2fxtjmtI3O,spotify:track:1WygPWqmNs4s2fxtjmtI3O,https://api.spotify.com/v1/tracks/1WygPWqmNs4s2fxtjmtI3O,https://api.spotify.com/v1/audio-analysis/1WygPWqmNs4s2fxtjmtI3O,354667,4
110,0.615,0.145,7,-14.283,1,0.0422,0.748,0.0,0.0292,0.505,102.633,audio_features,4R6rf3KbP45JST6Cr3Enry,spotify:track:4R6rf3KbP45JST6Cr3Enry,https://api.spotify.com/v1/tracks/4R6rf3KbP45JST6Cr3Enry,https://api.spotify.com/v1/audio-analysis/4R6rf3KbP45JST6Cr3Enry,130253,4
111,0.467,0.459,0,-9.706,0,0.0305,0.719,0.00312,0.0944,0.178,124.379,audio_features,0T1EaGm6b9eM7xBf4F1hlc,spotify:track:0T1EaGm6b9eM7xBf4F1hlc,https://api.spotify.com/v1/tracks/0T1EaGm6b9eM7xBf4F1hlc,https://api.spotify.com/v1/audio-analysis/0T1EaGm6b9eM7xBf4F1hlc,477093,4
112,0.636,0.181,5,-17.511,0,0.0456,0.864,0.00251,0.0706,0.697,84.203,audio_features,16KZuJfRKqMZQvmOibsVqX,spotify:track:16KZuJfRKqMZQvmOibsVqX,https://api.spotify.com/v1/tracks/16KZuJfRKqMZQvmOibsVqX,https://api.spotify.com/v1/audio-analysis/16KZuJfRKqMZQvmOibsVqX,282867,3
113,0.524,0.222,3,-8.967,1,0.0346,0.907,0.00124,0.0544,0.325,120.71,audio_features,58ylMBq2yqYdHyevarkNWa,spotify:track:58ylMBq2yqYdHyevarkNWa,https://api.spotify.com/v1/tracks/58ylMBq2yqYdHyevarkNWa,https://api.spotify.com/v1/audio-analysis/58ylMBq2yqYdHyevarkNWa,322000,4
114,0.223,0.105,11,-18.898,0,0.0364,0.744,0.0,0.0889,0.178,170.469,audio_features,13Nh6UPBy8WgoTc5l7iGR8,spotify:track:13Nh6UPBy8WgoTc5l7iGR8,https://api.spotify.com/v1/tracks/13Nh6UPBy8WgoTc5l7iGR8,https://api.spotify.com/v1/audio-analysis/13Nh6UPBy8WgoTc5l7iGR8,161173,4
115,0.477,0.237,4,-17.115,0,0.0321,0.947,0.901,0.0974,0.178,126.222,audio_features,2qswPLZD9CbUoSidGNyxwm,spotify:track:2qswPLZD9CbUoSidGNyxwm,https://api.spotify.com/v1/tracks/2qswPLZD9CbUoSidGNyxwm,https://api.spotify.com/v1/audio-analysis/2qswPLZD9CbUoSidGNyxwm,280481,3
116,0.531,0.366,5,-11.697,0,0.0496,0.911,0.88,0.0916,0.785,81.867,audio_features,6qqK0oeBRapZn8f9hJJENw,spotify:track:6qqK0oeBRapZn8f9hJJENw,https://api.spotify.com/v1/tracks/6qqK0oeBRapZn8f9hJJENw,https://api.spotify.com/v1/audio-analysis/6qqK0oeBRapZn8f9hJJENw,482440,4
117,0.45,0.0288,7,-17.388,1,0.0467,0.994,0.895,0.118,0.358,130.838,audio_features,5eFFsShr8vchESCk8HGxvn,spotify:track:5eFFsShr8vchESCk8HGxvn,https://api.spotify.com/v1/tracks/5eFFsShr8vchESCk8HGxvn,https://api.spotify.com/v1/audio-analysis/5eFFsShr8vchESCk8HGxvn,274333,4
118,0.398,0.527,4,-16.591,0,0.0297,0.713,0.934,0.119,0.353,118.504,audio_features,6eimz6jvlZaPwtflDWCTa0,spotify:track:6eimz6jvlZaPwtflDWCTa0,https://api.spotify.com/v1/tracks/6eimz6jvlZaPwtflDWCTa0,https://api.spotify.com/v1/audio-analysis/6eimz6jvlZaPwtflDWCTa0,301867,4
119,0.583,0.376,6,-10.914,1,0.0433,0.725,0.251,0.0642,0.614,120.713,audio_features,3Y0LpU5kqQ3vSZvwcGjl1M,spotify:track:3Y0LpU5kqQ3vSZvwcGjl1M,https://api.spotify.com/v1/tracks/3Y0LpU5kqQ3vSZvwcGjl1M,https://api.spotify.com/v1/audio-analysis/3Y0LpU5kqQ3vSZvwcGjl1M,217373,4
120,0.655,0.245,9,-13.662,0,0.0469,0.809,0.384,0.178,0.5,79.76,audio_features,5eJ90rBnkUv7PqxgTExfvd,spotify:track:5eJ90rBnkUv7PqxgTExfvd,https://api.spotify.com/v1/tracks/5eJ90rBnkUv7PqxgTExfvd,https://api.spotify.com/v1/audio-analysis/5eJ90rBnkUv7PqxgTExfvd,255627,4
121,0.376,0.278,0,-8.597,0,0.0416,0.912,0.886,0.0728,0.199,62.055,audio_features,6KawDsALZTY6FA8CE1NLZK,spotify:track:6KawDsALZTY6FA8CE1NLZK,https://api.spotify.com/v1/tracks/6KawDsALZTY6FA8CE1NLZK,https://api.spotify.com/v1/audio-analysis/6KawDsALZTY6FA8CE1NLZK,429040,4
122,0.438,0.129,5,-15.984,1,0.0346,0.957,0.0459,0.0884,0.127,84.845,audio_features,4dUVpbIu8FW7R76gejw3cq,spotify:track:4dUVpbIu8FW7R76gejw3cq,https://api.spotify.com/v1/tracks/4dUVpbIu8FW7R76gejw3cq,https://api.spotify.com/v1/audio-analysis/4dUVpbIu8FW7R76gejw3cq,284680,3
123,0.58,0.48,7,-7.682,0,0.0339,0.837,0.00432,0.171,0.48,108.892,audio_features,7CnOzCWGrTINcDExG6u99y,spotify:track:7CnOzCWGrTINcDExG6u99y,https://api.spotify.com/v1/tracks/7CnOzCWGrTINcDExG6u99y,https://api.spotify.com/v1/audio-analysis/7CnOzCWGrTINcDExG6u99y,563613,4
124,0.543,0.133,7,-16.846,0,0.1,0.805,0.00135,0.125,0.464,171.493,audio_features,0GUUhTWMylAx5pHDI42t1V,spotify:track:0GUUhTWMylAx5pHDI42t1V,https://api.spotify.com/v1/tracks/0GUUhTWMylAx5pHDI42t1V,https://api.spotify.com/v1/audio-analysis/0GUUhTWMylAx5pHDI42t1V,188960,4
125,0.479,0.318,0,-13.836,1,0.0395,0.278,0.0959,0.107,0.575,94.036,audio_features,6KBsivP3Of4z2x6uNMAyE3,spotify:track:6KBsivP3Of4z2x6uNMAyE3,https://api.spotify.com/v1/tracks/6KBsivP3Of4z2x6uNMAyE3,https://api.spotify.com/v1/audio-analysis/6KBsivP3Of4z2x6uNMAyE3,331800,4
126,0.457,0.548,5,-12.486,0,0.0551,0.111,0.00016,0.103,0.76,88.8,audio_features,16nJl8NnriCJxraco5Zssm,spotify:track:16nJl8NnriCJxraco5Zssm,https://api.spotify.com/v1/tracks/16nJl8NnriCJxraco5Zssm,https://api.spotify.com/v1/audio-analysis/16nJl8NnriCJxraco5Zssm,440840,4
127,0.564,0.097,5,-16.442,1,0.038,0.958,0.0588,0.119,0.393,132.653,audio_features,6PKCEB5JzjCizpz9hUQcpX,spotify:track:6PKCEB5JzjCizpz9hUQcpX,https://api.spotify.com/v1/tracks/6PKCEB5JzjCizpz9hUQcpX,https://api.spotify.com/v1/audio-analysis/6PKCEB5JzjCizpz9hUQcpX,346920,4
128,0.416,0.201,8,-11.461,1,0.0379,0.975,0.803,0.107,0.372,165.869,audio_features,6MXrGG7nff0FXBQJa5UF9P,spotify:track:6MXrGG7nff0FXBQJa5UF9P,https://api.spotify.com/v1/tracks/6MXrGG7nff0FXBQJa5UF9P,https://api.spotify.com/v1/audio-analysis/6MXrGG7nff0FXBQJa5UF9P,339333,3
129,0.224,0.122,2,-16.766,1,0.036,0.985,0.0206,0.111,0.0952,82.277,audio_features,6YRVj7ZJyFrr6tso0QV15e,spotify:track:6YRVj7ZJyFrr6tso0QV15e,https://api.spotify.com/v1/tracks/6YRVj7ZJyFrr6tso0QV15e,https://api.spotify.com/v1/audio-analysis/6YRVj7ZJyFrr6tso0QV15e,235760,4
130,0.616,0.434,5,-7.257,0,0.031,0.581,0.0,0.131,0.404,108.467,audio_features,4f0D7T8yswXUJ62AKLoMtS,spotify:track:4f0D7T8yswXUJ62AKLoMtS,https://api.spotify.com/v1/tracks/4f0D7T8yswXUJ62AKLoMtS,https://api.spotify.com/v1/audio-analysis/4f0D7T8yswXUJ62AKLoMtS,505453,4
131,0.555,0.0356,7,-20.862,0,0.0425,0.941,0.137,0.0816,0.194,111.337,audio_features,0sRAziWSeUedBSKjapsy9F,spotify:track:0sRAziWSeUedBSKjapsy9F,https://api.spotify.com/v1/tracks/0sRAziWSeUedBSKjapsy9F,https://api.spotify.com/v1/audio-analysis/0sRAziWSeUedBSKjapsy9F,297876,4
132,0.319,0.157,0,-19.728,0,0.0368,0.987,0.849,0.138,0.266,191.259,audio_features,4rrLFMxzVVwAJjmvHLPL8y,spotify:track:4rrLFMxzVVwAJjmvHLPL8y,https://api.spotify.com/v1/tracks/4rrLFMxzVVwAJjmvHLPL8y,https://api.spotify.com/v1/audio-analysis/4rrLFMxzVVwAJjmvHLPL8y,321027,3
133,0.203,0.0186,9,-24.277,0,0.0408,0.985,0.377,0.0728,0.0481,76.591,audio_features,5F8rPLt2c52p0SK7kiH26b,spotify:track:5F8rPLt2c52p0SK7kiH26b,https://api.spotify.com/v1/tracks/5F8rPLt2c52p0SK7kiH26b,https://api.spotify.com/v1/audio-analysis/5F8rPLt2c52p0SK7kiH26b,415000,4
134,0.646,0.12,5,-13.447,0,0.0336,0.867,0.0,0.261,0.442,96.284,audio_features,1f1ybry2mOfAgP3qBFMiKc,spotify:track:1f1ybry2mOfAgP3qBFMiKc,https://api.spotify.com/v1/tracks/1f1ybry2mOfAgP3qBFMiKc,https://api.spotify.com/v1/audio-analysis/1f1ybry2mOfAgP3qBFMiKc,185667,4
135,0.654,0.334,8,-12.662,1,0.0521,0.702,0.714,0.114,0.697,81.544,audio_features,2oMaXY0yiWhAEWD7SutXh2,spotify:track:2oMaXY0yiWhAEWD7SutXh2,https://api.spotify.com/v1/tracks/2oMaXY0yiWhAEWD7SutXh2,https://api.spotify.com/v1/audio-analysis/2oMaXY0yiWhAEWD7SutXh2,410667,4
136,0.26,0.203,7,-12.231,0,0.0353,0.99,0.944,0.134,0.064,173.503,audio_features,0Xfq6BeOHdzf16gk9y8a1P,spotify:track:0Xfq6BeOHdzf16gk9y8a1P,https://api.spotify.com/v1/tracks/0Xfq6BeOHdzf16gk9y8a1P,https://api.spotify.com/v1/audio-analysis/0Xfq6BeOHdzf16gk9y8a1P,343280,3
137,0.473,0.67,8,-7.756,1,0.0353,0.446,3.15e-06,0.0957,0.808,152.484,audio_features,1dZHIbmuBDAwXfQOM4dyM3,spotify:track:1dZHIbmuBDAwXfQOM4dyM3,https://api.spotify.com/v1/tracks/1dZHIbmuBDAwXfQOM4dyM3,https://api.spotify.com/v1/audio-analysis/1dZHIbmuBDAwXfQOM4dyM3,625293,4
138,0.446,0.13,2,-14.403,0,0.0386,0.971,0.445,0.108,0.172,106.607,audio_features,1ylwBTCAZ1WlvvMnWm6U3c,spotify:track:1ylwBTCAZ1WlvvMnWm6U3c,https://api.spotify.com/v1/tracks/1ylwBTCAZ1WlvvMnWm6U3c,https://api.spotify.com/v1/audio-analysis/1ylwBTCAZ1WlvvMnWm6U3c,426800,4
139,0.587,0.673,10,-7.858,1,0.0509,0.744,0.00618,0.0721,0.788,123.407,audio_features,5f0n6K8hW2RIVXuZjxO0bu,spotify:track:5f0n6K8hW2RIVXuZjxO0bu,https://api.spotify.com/v1/tracks/5f0n6K8hW2RIVXuZjxO0bu,https://api.spotify.com/v1/audio-analysis/5f0n6K8hW2RIVXuZjxO0bu,385867,4
140,0.634,0.327,0,-9.703,0,0.0551,0.709,0.0131,0.158,0.498,80.825,audio_features,4vWMrM0AwlhRlkAdQtC2zn,spotify:track:4vWMrM0AwlhRlkAdQtC2zn,https://api.spotify.com/v1/tracks/4vWMrM0AwlhRlkAdQtC2zn,https://api.spotify.com/v1/audio-analysis/4vWMrM0AwlhRlkAdQtC2zn,209400,4
141,0.493,0.0421,2,-18.071,1,0.0347,0.913,0.173,0.0777,0.172,102.074,audio_features,7DUGRxCf9NFJffb5Eei8Ar,spotify:track:7DUGRxCf9NFJffb5Eei8Ar,https://api.spotify.com/v1/tracks/7DUGRxCf9NFJffb5Eei8Ar,https://api.spotify.com/v1/audio-analysis/7DUGRxCf9NFJffb5Eei8Ar,447560,4
142,0.519,0.0422,1,-10.778,1,0.0537,0.966,0.929,0.124,0.397,130.436,audio_features,6rK27cC9hX0e1Chrnxo9Vn,spotify:track:6rK27cC9hX0e1Chrnxo9Vn,https://api.spotify.com/v1/tracks/6rK27cC9hX0e1Chrnxo9Vn,https://api.spotify.com/v1/audio-analysis/6rK27cC9hX0e1Chrnxo9Vn,252947,3
143,0.422,0.148,10,-15.38,1,0.0429,0.985,0.964,0.116,0.0857,125.334,audio_features,7Codqj9B5oMniYPUhfv26I,spotify:track:7Codqj9B5oMniYPUhfv26I,https://api.spotify.com/v1/tracks/7Codqj9B5oMniYPUhfv26I,https://api.spotify.com/v1/audio-analysis/7Codqj9B5oMniYPUhfv26I,202773,3
144,0.456,0.222,0,-16.879,1,0.0354,0.938,0.806,0.24,0.15,112.725,audio_features,4qRJ7ZJyfzchEd2fjle7Bz,spotify:track:4qRJ7ZJyfzchEd2fjle7Bz,https://api.spotify.com/v1/tracks/4qRJ7ZJyfzchEd2fjle7Bz,https://api.spotify.com/v1/audio-analysis/4qRJ7ZJyfzchEd2fjle7Bz,392000,4
145,0.497,0.153,5,-12.65,0,0.0407,0.978,0.809,0.138,0.276,100.222,audio_features,3kYrQXSao9IXp3EzMZQt5J,spotify:track:3kYrQXSao9IXp3EzMZQt5J,https://api.spotify.com/v1/tracks/3kYrQXSao9IXp3EzMZQt5J,https://api.spotify.com/v1/audio-analysis/3kYrQXSao9IXp3EzMZQt5J,405227,4
146,0.348,0.107,0,-22.793,0,0.0306,0.933,0.887,0.1,0.115,58.801,audio_features,2Z7ktNuO2YsY2wS5FC62k4,spotify:track:2Z7ktNuO2YsY2wS5FC62k4,https://api.spotify.com/v1/tracks/2Z7ktNuO2YsY2wS5FC62k4,https://api.spotify.com/v1/audio-analysis/2Z7ktNuO2YsY2wS5FC62k4,285933,4
147,0.492,0.205,9,-8.488,0,0.0577,0.983,0.893,0.122,0.109,128.315,audio_features,6TAW00MAPvS59yEoIgtOEI,spotify:track:6TAW00MAPvS59yEoIgtOEI,https://api.spotify.com/v1/tracks/6TAW00MAPvS59yEoIgtOEI,https://api.spotify.com/v1/audio-analysis/6TAW00MAPvS59yEoIgtOEI,310055,4
148,0.704,0.277,0,-11.675,1,0.035,0.814,0.756,0.0845,0.322,90.38,audio_features,6oWhUfePc5h9r5pfw7wvPN,spotify:track:6oWhUfePc5h9r5pfw7wvPN,https://api.spotify.com/v1/tracks/6oWhUfePc5h9r5pfw7wvPN,https://api.spotify.com/v1/audio-analysis/6oWhUfePc5h9r5pfw7wvPN,597280,4
149,0.509,0.224,0,-11.123,1,0.0327,0.736,0.301,0.327,0.17,112.355,audio_features,3QuSHJUfvuOyeKMS32Wckj,spotify:track:3QuSHJUfvuOyeKMS32Wckj,https://api.spotify.com/v1/tracks/3QuSHJUfvuOyeKMS32Wckj,https://api.spotify.com/v1/audio-analysis/3QuSHJUfvuOyeKMS32Wckj,403360,4
150,0.623,0.403,5,-11.121,0,0.0426,0.451,1.13e-05,0.448,0.631,93.911,audio_features,34xixFi5y3I5FIOH1ZWisx,spotify:track:34xixFi5y3I5FIOH1ZWisx,https://api.spotify.com/v1/tracks/34xixFi5y3I5FIOH1ZWisx,https://api.spotify.com/v1/audio-analysis/34xixFi5y3I5FIOH1ZWisx,396960,4
151,0.53,0.143,8,-17.471,1,0.0423,0.958,0.497,0.278,0.119,125.464,audio_features,6HvyFdP5JrCQdmxq2qi7MC,spotify:track:6HvyFdP5JrCQdmxq2qi7MC,https://api.spotify.com/v1/tracks/6HvyFdP5JrCQdmxq2qi7MC,https://api.spotify.com/v1/audio-analysis/6HvyFdP5JrCQdmxq2qi7MC,442227,4
152,0.581,0.201,0,-15.421,0,0.0509,0.937,0.0946,0.137,0.448,126.745,audio_features,3DZShPBwoWAfFgPKBUcFFJ,spotify:track:3DZShPBwoWAfFgPKBUcFFJ,https://api.spotify.com/v1/tracks/3DZShPBwoWAfFgPKBUcFFJ,https://api.spotify.com/v1/audio-analysis/3DZShPBwoWAfFgPKBUcFFJ,393533,4
153,0.46,0.633,5,-7.153,0,0.0404,0.613,0.0,0.274,0.515,106.331,audio_features,0qxiaagtTvTeNvzxHHc441,spotify:track:0qxiaagtTvTeNvzxHHc441,https://api.spotify.com/v1/tracks/0qxiaagtTvTeNvzxHHc441,https://api.spotify.com/v1/audio-analysis/0qxiaagtTvTeNvzxHHc441,503787,3
154,0.492,0.583,8,-9.927,1,0.19,0.673,2.38e-06,0.201,0.798,73.64,audio_features,2cOSF20k8VkEoXllO0PsbG,spotify:track:2cOSF20k8VkEoXllO0PsbG,https://api.spotify.com/v1/tracks/2cOSF20k8VkEoXllO0PsbG,https://api.spotify.com/v1/audio-analysis/2cOSF20k8VkEoXllO0PsbG,178533,4
155,0.484,0.635,0,-7.109,0,0.043,0.558,0.0,0.366,0.673,99.308,audio_features,2CBfYM9el9Sh15s9NCeYFP,spotify:track:2CBfYM9el9Sh15s9NCeYFP,https://api.spotify.com/v1/tracks/2CBfYM9el9Sh15s9NCeYFP,https://api.spotify.com/v1/audio-analysis/2CBfYM9el9Sh15s9NCeYFP,433107,4
156,0.371,0.0823,3,-20.45,1,0.0352,0.963,0.49,0.0838,0.0789,106.146,audio_features,08lUeu1CxXvAoaKkemoEk8,spotify:track:08lUeu1CxXvAoaKkemoEk8,https://api.spotify.com/v1/tracks/08lUeu1CxXvAoaKkemoEk8,https://api.spotify.com/v1/audio-analysis/08lUeu1CxXvAoaKkemoEk8,431267,4
157,0.665,0.359,1,-8.887,1,0.0326,0.801,0.106,0.145,0.4,111.639,audio_features,3Ysj0cl3Jlb6Ysp6um8QI7,spotify:track:3Ysj0cl3Jlb6Ysp6um8QI7,https://api.spotify.com/v1/tracks/3Ysj0cl3Jlb6Ysp6um8QI7,https://api.spotify.com/v1/audio-analysis/3Ysj0cl3Jlb6Ysp6um8QI7,368747,4
158,0.483,0.186,7,-21.828,0,0.042,0.943,0.877,0.115,0.51,150.705,audio_features,0cNc2tivyPqzgp13BSM7St,spotify:track:0cNc2tivyPqzgp13BSM7St,https://api.spotify.com/v1/tracks/0cNc2tivyPqzgp13BSM7St,https://api.spotify.com/v1/audio-analysis/0cNc2tivyPqzgp13BSM7St,321952,4
159,0.419,0.0284,0,-24.09,1,0.0357,0.987,0.586,0.105,0.121,71.502,audio_features,3Gcpi1CwKoQtc8B3H2ZOIX,spotify:track:3Gcpi1CwKoQtc8B3H2ZOIX,https://api.spotify.com/v1/tracks/3Gcpi1CwKoQtc8B3H2ZOIX,https://api.spotify.com/v1/audio-analysis/3Gcpi1CwKoQtc8B3H2ZOIX,216360,4
160,0.653,0.368,10,-11.567,0,0.0439,0.875,0.00305,0.0972,0.249,117.161,audio_features,4w7EnqiLksvE6rcuR8F8bn,spotify:track:4w7EnqiLksvE6rcuR8F8bn,https://api.spotify.com/v1/tracks/4w7EnqiLksvE6rcuR8F8bn,https://api.spotify.com/v1/audio-analysis/4w7EnqiLksvE6rcuR8F8bn,524093,4
161,0.386,0.075,5,-14.124,0,0.0348,0.985,0.904,0.0869,0.23,96.76,audio_features,2FnTwpi1PdHLjgHv4XQEFn,spotify:track:2FnTwpi1PdHLjgHv4XQEFn,https://api.spotify.com/v1/tracks/2FnTwpi1PdHLjgHv4XQEFn,https://api.spotify.com/v1/audio-analysis/2FnTwpi1PdHLjgHv4XQEFn,372787,4
162,0.664,0.422,5,-11.738,1,0.0552,0.388,0.000107,0.0626,0.533,89.263,audio_features,71KwWlZvuikRRORNH3xvCq,spotify:track:71KwWlZvuikRRORNH3xvCq,https://api.spotify.com/v1/tracks/71KwWlZvuikRRORNH3xvCq,https://api.spotify.com/v1/audio-analysis/71KwWlZvuikRRORNH3xvCq,327773,4
163,0.247,0.072,8,-13.544,1,0.032,0.975,0.631,0.101,0.0872,173.372,audio_features,1qHrF4XOI6Pliy7atNjLds,spotify:track:1qHrF4XOI6Pliy7atNjLds,https://api.spotify.com/v1/tracks/1qHrF4XOI6Pliy7atNjLds,https://api.spotify.com/v1/audio-analysis/1qHrF4XOI6Pliy7atNjLds,245880,3
164,0.444,0.339,3,-16.936,1,0.0418,0.66,0.103,0.163,0.656,142.112,audio_features,2C3rh8eX5vltOmwrz9I78n,spotify:track:2C3rh8eX5vltOmwrz9I78n,https://api.spotify.com/v1/tracks/2C3rh8eX5vltOmwrz9I78n,https://api.spotify.com/v1/audio-analysis/2C3rh8eX5vltOmwrz9I78n,456360,4
165,0.605,0.376,5,-14.978,1,0.0322,0.253,0.207,0.117,0.948,131.927,audio_features,5z7deaTe21B7QVPhSDouL1,spotify:track:5z7deaTe21B7QVPhSDouL1,https://api.spotify.com/v1/tracks/5z7deaTe21B7QVPhSDouL1,https://api.spotify.com/v1/audio-analysis/5z7deaTe21B7QVPhSDouL1,370867,4
166,0.546,0.305,3,-10.934,1,0.0494,0.789,0.352,0.125,0.664,164.902,audio_features,0sQ9ee2jJNTQgjy55Pse5H,spotify:track:0sQ9ee2jJNTQgjy55Pse5H,https://api.spotify.com/v1/tracks/0sQ9ee2jJNTQgjy55Pse5H,https://api.spotify.com/v1/audio-analysis/0sQ9ee2jJNTQgjy55Pse5H,198800,3
167,0.589,0.184,0,-12.282,1,0.049,0.631,0.0,0.0819,0.343,98.365,audio_features,2bOUrmH6OljKtXOLjvVEU8,spotify:track:2bOUrmH6OljKtXOLjvVEU8,https://api.spotify.com/v1/tracks/2bOUrmH6OljKtXOLjvVEU8,https://api.spotify.com/v1/audio-analysis/2bOUrmH6OljKtXOLjvVEU8,139200,4
168,0.651,0.143,5,-22.617,1,0.0531,0.752,0.421,0.138,0.601,78.792,audio_features,6OH7UCFY7SEJxxQkaYfAv8,spotify:track:6OH7UCFY7SEJxxQkaYfAv8,https://api.spotify.com/v1/tracks/6OH7UCFY7SEJxxQkaYfAv8,https://api.spotify.com/v1/audio-analysis/6OH7UCFY7SEJxxQkaYfAv8,519600,4
169,0.418,0.227,4,-15.537,0,0.0379,0.912,0.822,0.0956,0.21,103.586,audio_features,4N6JkrGD78eLooaTDmwo9s,spotify:track:4N6JkrGD78eLooaTDmwo9s,https://api.spotify.com/v1/tracks/4N6JkrGD78eLooaTDmwo9s,https://api.spotify.com/v1/audio-analysis/4N6JkrGD78eLooaTDmwo9s,395560,4
170,0.64,0.122,9,-22.617,1,0.0719,0.995,0.883,0.18,0.742,144.338,audio_features,4HL2XUimEYLv0KDxD3Xpqz,spotify:track:4HL2XUimEYLv0KDxD3Xpqz,https://api.spotify.com/v1/tracks/4HL2XUimEYLv0KDxD3Xpqz,https://api.spotify.com/v1/audio-analysis/4HL2XUimEYLv0KDxD3Xpqz,295067,4
171,0.554,0.222,7,-12.928,1,0.0296,0.646,1.06e-05,0.284,0.391,113.012,audio_features,0eijtL958nCP1dy7OR1hUA,spotify:track:0eijtL958nCP1dy7OR1hUA,https://api.spotify.com/v1/tracks/0eijtL958nCP1dy7OR1hUA,https://api.spotify.com/v1/audio-analysis/0eijtL958nCP1dy7OR1hUA,158107,4
172,0.589,0.386,5,-8.013,0,0.0441,0.75,0.0,0.15,0.518,142.371,audio_features,47xU4Sm1RWZgRgugWPFxzz,spotify:track:47xU4Sm1RWZgRgugWPFxzz,https://api.spotify.com/v1/tracks/47xU4Sm1RWZgRgugWPFxzz,https://api.spotify.com/v1/audio-analysis/47xU4Sm1RWZgRgugWPFxzz,127800,4
173,0.781,0.106,9,-17.396,0,0.0584,0.947,0.0835,0.12,0.313,113.528,audio_features,4z1E9GltZHciLum0ybby9h,spotify:track:4z1E9GltZHciLum0ybby9h,https://api.spotify.com/v1/tracks/4z1E9GltZHciLum0ybby9h,https://api.spotify.com/v1/audio-analysis/4z1E9GltZHciLum0ybby9h,407800,4
174,0.552,0.171,2,-13.66,0,0.0544,0.955,0.877,0.122,0.152,102.408,audio_features,7pKWTcPfT9mg2iAhobFHpS,spotify:track:7pKWTcPfT9mg2iAhobFHpS,https://api.spotify.com/v1/tracks/7pKWTcPfT9mg2iAhobFHpS,https://api.spotify.com/v1/audio-analysis/7pKWTcPfT9mg2iAhobFHpS,244467,4
175,0.446,0.0879,4,-15.059,0,0.0392,0.936,0.0,0.104,0.154,119.511,audio_features,4LSplRZj1Xk5JUCARpUV8j,spotify:track:4LSplRZj1Xk5JUCARpUV8j,https://api.spotify.com/v1/tracks/4LSplRZj1Xk5JUCARpUV8j,https://api.spotify.com/v1/audio-analysis/4LSplRZj1Xk5JUCARpUV8j,203000,4
176,0.576,0.335,7,-12.706,1,0.0438,0.748,0.0714,0.131,0.455,77.415,audio_features,2gt0kkTEph69p2ZWn177Tt,spotify:track:2gt0kkTEph69p2ZWn177Tt,https://api.spotify.com/v1/tracks/2gt0kkTEph69p2ZWn177Tt,https://api.spotify.com/v1/audio-analysis/2gt0kkTEph69p2ZWn177Tt,309360,4
177,0.528,0.583,7,-8.776,0,0.0643,0.592,0.0,0.305,0.671,96.284,audio_features,5KQ6uddno2Hht84gJDHsPF,spotify:track:5KQ6uddno2Hht84gJDHsPF,https://api.spotify.com/v1/tracks/5KQ6uddno2Hht84gJDHsPF,https://api.spotify.com/v1/audio-analysis/5KQ6uddno2Hht84gJDHsPF,495373,4
178,0.59,0.485,0,-5.262,0,0.197,0.81,0.0,0.281,0.695,148.851,audio_features,0KDn1UsD2ym34dCT4P9ebj,spotify:track:0KDn1UsD2ym34dCT4P9ebj,https://api.spotify.com/v1/tracks/0KDn1UsD2ym34dCT4P9ebj,https://api.spotify.com/v1/audio-analysis/0KDn1UsD2ym34dCT4P9ebj,147667,4
179,0.701,0.393,5,-9.868,1,0.155,0.919,0.384,0.0964,0.791,75.908,audio_features,1xXydFs62EqOXFMPizVhn4,spotify:track:1xXydFs62EqOXFMPizVhn4,https://api.spotify.com/v1/tracks/1xXydFs62EqOXFMPizVhn4,https://api.spotify.com/v1/audio-analysis/1xXydFs62EqOXFMPizVhn4,196640,4
180,0.203,0.306,10,-12.366,0,0.0344,0.952,0.000307,0.281,0.0625,76.905,audio_features,6RqomqKVORIwNJCKNxvc3F,spotify:track:6RqomqKVORIwNJCKNxvc3F,https://api.spotify.com/v1/tracks/6RqomqKVORIwNJCKNxvc3F,https://api.spotify.com/v1/audio-analysis/6RqomqKVORIwNJCKNxvc3F,181493,4
181,0.308,0.114,5,-20.291,1,0.0399,0.912,0.919,0.169,0.163,79.261,audio_features,1cfMdMmJqBlLn4auevv0iB,spotify:track:1cfMdMmJqBlLn4auevv0iB,https://api.spotify.com/v1/tracks/1cfMdMmJqBlLn4auevv0iB,https://api.spotify.com/v1/audio-analysis/1cfMdMmJqBlLn4auevv0iB,439120,4
182,0.585,0.375,2,-12.171,0,0.0504,0.78,0.00365,0.0806,0.665,72.59,audio_features,5wcAcShxT5qvLJvuM6jkZt,spotify:track:5wcAcShxT5qvLJvuM6jkZt,https://api.spotify.com/v1/tracks/5wcAcShxT5qvLJvuM6jkZt,https://api.spotify.com/v1/audio-analysis/5wcAcShxT5qvLJvuM6jkZt,367400,4
183,0.527,0.143,7,-22.39,1,0.0365,0.857,0.00219,0.18,0.43,101.037,audio_features,1L7l5qJeQpqWDigBjxUcQw,spotify:track:1L7l5qJeQpqWDigBjxUcQw,https://api.spotify.com/v1/tracks/1L7l5qJeQpqWDigBjxUcQw,https://api.spotify.com/v1/audio-analysis/1L7l5qJeQpqWDigBjxUcQw,150467,4
184,0.529,0.0582,8,-19.131,1,0.0617,0.883,0.125,0.116,0.357,93.486,audio_features,6tL1ZlPRSihc6gyWhVfA8X,spotify:track:6tL1ZlPRSihc6gyWhVfA8X,https://api.spotify.com/v1/tracks/6tL1ZlPRSihc6gyWhVfA8X,https://api.spotify.com/v1/audio-analysis/6tL1ZlPRSihc6gyWhVfA8X,271893,4
185,0.581,0.163,0,-16.612,0,0.0547,0.926,0.861,0.116,0.448,88.101,audio_features,3hY3MPL9hAITPgVfiVlL5K,spotify:track:3hY3MPL9hAITPgVfiVlL5K,https://api.spotify.com/v1/tracks/3hY3MPL9hAITPgVfiVlL5K,https://api.spotify.com/v1/audio-analysis/3hY3MPL9hAITPgVfiVlL5K,347773,4
186,0.388,0.461,10,-11.718,0,0.0924,0.705,0.0,0.186,0.674,72.884,audio_features,43hj7RjOE5vXtgnqPidEv4,spotify:track:43hj7RjOE5vXtgnqPidEv4,https://api.spotify.com/v1/tracks/43hj7RjOE5vXtgnqPidEv4,https://api.spotify.com/v1/audio-analysis/43hj7RjOE5vXtgnqPidEv4,164840,4
187,0.516,0.101,10,-12.753,0,0.0513,0.966,3.89e-05,0.0906,0.31,137.832,audio_features,2TPRvPvUotVn4tGHAWWcog,spotify:track:2TPRvPvUotVn4tGHAWWcog,https://api.spotify.com/v1/tracks/2TPRvPvUotVn4tGHAWWcog,https://api.spotify.com/v1/audio-analysis/2TPRvPvUotVn4tGHAWWcog,245000,4
188,0.439,0.082,0,-17.066,1,0.0407,0.972,0.893,0.0913,0.492,124.69,audio_features,08rTZ8jNknn8VBS3v2o8pT,spotify:track:08rTZ8jNknn8VBS3v2o8pT,https://api.spotify.com/v1/tracks/08rTZ8jNknn8VBS3v2o8pT,https://api.spotify.com/v1/audio-analysis/08rTZ8jNknn8VBS3v2o8pT,195160,4
189,0.476,0.273,7,-17.457,0,0.0334,0.89,0.9,0.0978,0.164,117.779,audio_features,1tbzRQCZUoKYMCxzK0Jx5p,spotify:track:1tbzRQCZUoKYMCxzK0Jx5p,https://api.spotify.com/v1/tracks/1tbzRQCZUoKYMCxzK0Jx5p,https://api.spotify.com/v1/audio-analysis/1tbzRQCZUoKYMCxzK0Jx5p,392027,4
190,0.438,0.182,2,-15.209,0,0.0338,0.983,0.841,0.119,0.0639,65.535,audio_features,7hDq6sOZ5Rl1XnSSfoOBRK,spotify:track:7hDq6sOZ5Rl1XnSSfoOBRK,https://api.spotify.com/v1/tracks/7hDq6sOZ5Rl1XnSSfoOBRK,https://api.spotify.com/v1/audio-analysis/7hDq6sOZ5Rl1XnSSfoOBRK,284187,3
191,0.5,0.251,0,-12.981,0,0.0474,0.885,0.00165,0.248,0.697,174.935,audio_features,1ewQUavRnFAEwPqqwKQ0nF,spotify:track:1ewQUavRnFAEwPqqwKQ0nF,https://api.spotify.com/v1/tracks/1ewQUavRnFAEwPqqwKQ0nF,https://api.spotify.com/v1/audio-analysis/1ewQUavRnFAEwPqqwKQ0nF,186067,4
192,0.468,0.391,2,-13.196,0,0.0269,0.658,0.0617,0.111,0.342,142.413,audio_features,1ChYuSIoOFDVY6fHSXF6zS,spotify:track:1ChYuSIoOFDVY6fHSXF6zS,https://api.spotify.com/v1/tracks/1ChYuSIoOFDVY6fHSXF6zS,https://api.spotify.com/v1/audio-analysis/1ChYuSIoOFDVY6fHSXF6zS,550493,4
193,0.393,0.0331,3,-17.548,0,0.0417,0.973,0.000965,0.11,0.159,85.773,audio_features,7yCEzOAfijmD88IA1DHgSo,spotify:track:7yCEzOAfijmD88IA1DHgSo,https://api.spotify.com/v1/tracks/7yCEzOAfijmD88IA1DHgSo,https://api.spotify.com/v1/audio-analysis/7yCEzOAfijmD88IA1DHgSo,180200,3
194,0.493,0.295,1,-15.536,1,0.0489,0.537,0.241,0.241,0.486,99.579,audio_features,1M0bEJicvT2qmdJej9wjyk,spotify:track:1M0bEJicvT2qmdJej9wjyk,https://api.spotify.com/v1/tracks/1M0bEJicvT2qmdJej9wjyk,https://api.spotify.com/v1/audio-analysis/1M0bEJicvT2qmdJej9wjyk,417320,4
195,0.443,0.0711,1,-20.146,1,0.0486,0.989,0.894,0.101,0.596,175.02,audio_features,0ADAFZE0bYIuaIyPNFl3LE,spotify:track:0ADAFZE0bYIuaIyPNFl3LE,https://api.spotify.com/v1/tracks/0ADAFZE0bYIuaIyPNFl3LE,https://api.spotify.com/v1/audio-analysis/0ADAFZE0bYIuaIyPNFl3LE,172293,4
196,0.573,0.247,5,-19.282,0,0.0627,0.713,5.64e-05,0.103,0.604,138.234,audio_features,3iFlfQ0CXc9URaAvai8VUe,spotify:track:3iFlfQ0CXc9URaAvai8VUe,https://api.spotify.com/v1/tracks/3iFlfQ0CXc9URaAvai8VUe,https://api.spotify.com/v1/audio-analysis/3iFlfQ0CXc9URaAvai8VUe,400447,4
197,0.529,0.0367,0,-21.63,1,0.0515,0.99,0.31,0.127,0.214,140.296,audio_features,10El9hxviSBm7pChWxG1ib,spotify:track:10El9hxviSBm7pChWxG1ib,https://api.spotify.com/v1/tracks/10El9hxviSBm7pChWxG1ib,https://api.spotify.com/v1/audio-analysis/10El9hxviSBm7pChWxG1ib,330693,4
198,0.579,0.566,0,-8.733,1,0.0531,0.754,0.538,0.0987,0.83,125.031,audio_features,3k7MPapSDy9kSWuhvXxP3c,spotify:track:3k7MPapSDy9kSWuhvXxP3c,https://api.spotify.com/v1/tracks/3k7MPapSDy9kSWuhvXxP3c,https://api.spotify.com/v1/audio-analysis/3k7MPapSDy9kSWuhvXxP3c,281987,4
199,0.503,0.344,1,-19.024,1,0.0369,0.673,0.381,0.096,0.468,108.489,audio_features,0m8tSPLHhjhGToD6LW0RPp,spotify:track:0m8tSPLHhjhGToD6LW0RPp,https://api.spotify.com/v1/tracks/0m8tSPLHhjhGToD6LW0RPp,https://api.spotify.com/v1/audio-analysis/0m8tSPLHhjhGToD6LW0RPp,191933,4
200,0.521,0.0995,8,-17.071,1,0.0372,0.987,0.944,0.109,0.227,63.155,audio_features,13hLjPatKentvawsFceF9a,spotify:track:13hLjPatKentvawsFceF9a,https://api.spotify.com/v1/tracks/13hLjPatKentvawsFceF9a,https://api.spotify.com/v1/audio-analysis/13hLjPatKentvawsFceF9a,338733,4
201,0.417,0.11,5,-16.504,0,0.0405,0.951,0.721,0.174,0.22,57.312,audio_features,11vaRXRIFXJTRr3BuzNbk5,spotify:track:11vaRXRIFXJTRr3BuzNbk5,https://api.spotify.com/v1/tracks/11vaRXRIFXJTRr3BuzNbk5,https://api.spotify.com/v1/audio-analysis/11vaRXRIFXJTRr3BuzNbk5,313440,4
202,0.423,0.0418,10,-17.75,1,0.0323,0.953,0.0,0.125,0.137,105.901,audio_features,3341eBppSCetzo507uJU06,spotify:track:3341eBppSCetzo507uJU06,https://api.spotify.com/v1/tracks/3341eBppSCetzo507uJU06,https://api.spotify.com/v1/audio-analysis/3341eBppSCetzo507uJU06,178067,4
203,0.437,0.0857,0,-18.129,1,0.0384,0.84,0.641,0.0898,0.206,73.161,audio_features,5uNtaTmigAubx5fLfO92AW,spotify:track:5uNtaTmigAubx5fLfO92AW,https://api.spotify.com/v1/tracks/5uNtaTmigAubx5fLfO92AW,https://api.spotify.com/v1/audio-analysis/5uNtaTmigAubx5fLfO92AW,259413,4
204,0.701,0.0908,10,-20.601,1,0.0528,0.841,0.511,0.0883,0.0858,81.155,audio_features,2HzipY6RzuFXeem8dzqA66,spotify:track:2HzipY6RzuFXeem8dzqA66,https://api.spotify.com/v1/tracks/2HzipY6RzuFXeem8dzqA66,https://api.spotify.com/v1/audio-analysis/2HzipY6RzuFXeem8dzqA66,250853,4
205,0.571,0.293,0,-11.914,0,0.0385,0.828,0.179,0.112,0.23,82.745,audio_features,57B6gMEI1E4E3kKLKvfX3U,spotify:track:57B6gMEI1E4E3kKLKvfX3U,https://api.spotify.com/v1/tracks/57B6gMEI1E4E3kKLKvfX3U,https://api.spotify.com/v1/audio-analysis/57B6gMEI1E4E3kKLKvfX3U,480000,4
206,0.484,0.488,5,-9.127,0,0.048,0.867,0.141,0.147,0.426,149.977,audio_features,0d6m2xfXqMyEKOeRvfL7Ot,spotify:track:0d6m2xfXqMyEKOeRvfL7Ot,https://api.spotify.com/v1/tracks/0d6m2xfXqMyEKOeRvfL7Ot,https://api.spotify.com/v1/audio-analysis/0d6m2xfXqMyEKOeRvfL7Ot,173733,4
207,0.488,0.337,5,-10.185,0,0.0463,0.851,2.12e-05,0.126,0.471,133.27,audio_features,28z6KATfhamoyDgOtcm25F,spotify:track:28z6KATfhamoyDgOtcm25F,https://api.spotify.com/v1/tracks/28z6KATfhamoyDgOtcm25F,https://api.spotify.com/v1/audio-analysis/28z6KATfhamoyDgOtcm25F,181653,4
208,0.564,0.305,10,-14.224,0,0.063,0.794,0.0983,0.152,0.571,115.739,audio_features,5eMz1VtT2zNtsyh1bDgDhb,spotify:track:5eMz1VtT2zNtsyh1bDgDhb,https://api.spotify.com/v1/tracks/5eMz1VtT2zNtsyh1bDgDhb,https://api.spotify.com/v1/audio-analysis/5eMz1VtT2zNtsyh1bDgDhb,266707,4
209,0.611,0.291,2,-18.392,1,0.0647,0.765,0.000133,0.0571,0.534,83.443,audio_features,2EW1mFJaikQh0vxOoB7uGp,spotify:track:2EW1mFJaikQh0vxOoB7uGp,https://api.spotify.com/v1/tracks/2EW1mFJaikQh0vxOoB7uGp,https://api.spotify.com/v1/audio-analysis/2EW1mFJaikQh0vxOoB7uGp,283740,4
210,0.485,0.0735,6,-20.188,1,0.0709,0.784,0.855,0.0951,0.332,75.939,audio_features,6W25U2EbDixQbLbqpjz0TT,spotify:track:6W25U2EbDixQbLbqpjz0TT,https://api.spotify.com/v1/tracks/6W25U2EbDixQbLbqpjz0TT,https://api.spotify.com/v1/audio-analysis/6W25U2EbDixQbLbqpjz0TT,471173,4
211,0.5,0.208,6,-14.235,1,0.0743,0.769,0.496,0.372,0.461,180.852,audio_features,4F0sSQCicLl5tme407ubvS,spotify:track:4F0sSQCicLl5tme407ubvS,https://api.spotify.com/v1/tracks/4F0sSQCicLl5tme407ubvS,https://api.spotify.com/v1/audio-analysis/4F0sSQCicLl5tme407ubvS,282667,3
212,0.54,0.327,2,-8.933,0,0.0363,0.868,0.356,0.121,0.356,96.224,audio_features,5PfcpDnzz8VdUoziFWnhrU,spotify:track:5PfcpDnzz8VdUoziFWnhrU,https://api.spotify.com/v1/tracks/5PfcpDnzz8VdUoziFWnhrU,https://api.spotify.com/v1/audio-analysis/5PfcpDnzz8VdUoziFWnhrU,473387,4
213,0.456,0.205,11,-19.74,0,0.0452,0.952,0.889,0.101,0.31,111.5,audio_features,6linlPbVWEecMEMfNcul1e,spotify:track:6linlPbVWEecMEMfNcul1e,https://api.spotify.com/v1/tracks/6linlPbVWEecMEMfNcul1e,https://api.spotify.com/v1/audio-analysis/6linlPbVWEecMEMfNcul1e,377707,4
214,0.499,0.0808,8,-17.369,0,0.0427,0.989,0.799,0.0723,0.216,95.37,audio_features,1ebZEQLe2lfwyMnuhnIDjx,spotify:track:1ebZEQLe2lfwyMnuhnIDjx,https://api.spotify.com/v1/tracks/1ebZEQLe2lfwyMnuhnIDjx,https://api.spotify.com/v1/audio-analysis/1ebZEQLe2lfwyMnuhnIDjx,413307,4
215,0.431,0.511,0,-8.052,0,0.0554,0.75,6.22e-05,0.332,0.664,174.922,audio_features,7f4svguucdFTOv6gOjOvhO,spotify:track:7f4svguucdFTOv6gOjOvhO,https://api.spotify.com/v1/tracks/7f4svguucdFTOv6gOjOvhO,https://api.spotify.com/v1/audio-analysis/7f4svguucdFTOv6gOjOvhO,733067,4
216,0.459,0.545,3,-9.626,1,0.055,0.781,0.00789,0.162,0.438,100.398,audio_features,2HbpOucCYcPyVEBpjTiJK8,spotify:track:2HbpOucCYcPyVEBpjTiJK8,https://api.spotify.com/v1/tracks/2HbpOucCYcPyVEBpjTiJK8,https://api.spotify.com/v1/audio-analysis/2HbpOucCYcPyVEBpjTiJK8,435440,4
217,0.392,0.168,10,-22.249,1,0.0442,0.637,0.358,0.198,0.292,123.419,audio_features,5Vmt3ascqbh0QJCV1een0Q,spotify:track:5Vmt3ascqbh0QJCV1een0Q,https://api.spotify.com/v1/tracks/5Vmt3ascqbh0QJCV1een0Q,https://api.spotify.com/v1/audio-analysis/5Vmt3ascqbh0QJCV1een0Q,277800,4
218,0.552,0.509,0,-9.828,1,0.0428,0.605,0.509,0.0827,0.74,112.049,audio_features,05LNBtMuc26HSAHh7C6iG8,spotify:track:05LNBtMuc26HSAHh7C6iG8,https://api.spotify.com/v1/tracks/05LNBtMuc26HSAHh7C6iG8,https://api.spotify.com/v1/audio-analysis/05LNBtMuc26HSAHh7C6iG8,407600,4
219,0.615,0.204,7,-16.075,1,0.0439,0.872,0.382,0.071,0.496,96.47,audio_features,3X3p3u03P8eFL8WTH0oaaU,spotify:track:3X3p3u03P8eFL8WTH0oaaU,https://api.spotify.com/v1/tracks/3X3p3u03P8eFL8WTH0oaaU,https://api.spotify.com/v1/audio-analysis/3X3p3u03P8eFL8WTH0oaaU,344067,4
220,0.503,0.34,2,-9.034,0,0.0374,0.694,0.0,0.102,0.651,142.83,audio_features,7hvZ6vMAnO0cDkkKKJok4Y,spotify:track:7hvZ6vMAnO0cDkkKKJok4Y,https://api.spotify.com/v1/tracks/7hvZ6vMAnO0cDkkKKJok4Y,https://api.spotify.com/v1/audio-analysis/7hvZ6vMAnO0cDkkKKJok4Y,412653,4
221,0.405,0.0277,3,-21.897,1,0.033,0.97,0.534,0.114,0.279,51.059,audio_features,7yRMYF0BqrqPjinbG9Ja3Z,spotify:track:7yRMYF0BqrqPjinbG9Ja3Z,https://api.spotify.com/v1/tracks/7yRMYF0BqrqPjinbG9Ja3Z,https://api.spotify.com/v1/audio-analysis/7yRMYF0BqrqPjinbG9Ja3Z,222360,4
222,0.185,0.232,7,-13.854,0,0.0344,0.718,2.08e-05,0.0864,0.168,181.636,audio_features,0Lr4NSIlDOKcZWwMOPcxGT,spotify:track:0Lr4NSIlDOKcZWwMOPcxGT,https://api.spotify.com/v1/tracks/0Lr4NSIlDOKcZWwMOPcxGT,https://api.spotify.com/v1/audio-analysis/0Lr4NSIlDOKcZWwMOPcxGT,154707,3
223,0.559,0.11,5,-16.084,0,0.0688,0.774,0.0,0.0885,0.451,138.393,audio_features,41Wj6aJKyggH33OYBo3ezY,spotify:track:41Wj6aJKyggH33OYBo3ezY,https://api.spotify.com/v1/tracks/41Wj6aJKyggH33OYBo3ezY,https://api.spotify.com/v1/audio-analysis/41Wj6aJKyggH33OYBo3ezY,193760,4
224,0.546,0.322,0,-19.111,1,0.037,0.662,0.0299,0.76,0.488,96.07,audio_features,1xKMxT6PFOr4RJWhoisP0t,spotify:track:1xKMxT6PFOr4RJWhoisP0t,https://api.spotify.com/v1/tracks/1xKMxT6PFOr4RJWhoisP0t,https://api.spotify.com/v1/audio-analysis/1xKMxT6PFOr4RJWhoisP0t,407587,4
225,0.571,0.349,0,-10.584,0,0.042,0.525,0.00273,0.14,0.62,118.673,audio_features,7lApnj6eswDJvT8mqGrut6,spotify:track:7lApnj6eswDJvT8mqGrut6,https://api.spotify.com/v1/tracks/7lApnj6eswDJvT8mqGrut6,https://api.spotify.com/v1/audio-analysis/7lApnj6eswDJvT8mqGrut6,291840,3
226,0.47,0.684,4,-7.873,0,0.0377,0.714,1.92e-05,0.0797,0.483,128.506,audio_features,2PGjqrXgOBqP8G4R6EKmpR,spotify:track:2PGjqrXgOBqP8G4R6EKmpR,https://api.spotify.com/v1/tracks/2PGjqrXgOBqP8G4R6EKmpR,https://api.spotify.com/v1/audio-analysis/2PGjqrXgOBqP8G4R6EKmpR,399467,4
227,0.559,0.481,11,-18.153,0,0.0433,0.673,0.86,0.215,0.494,99.797,audio_features,0FKnknau5UBXgN2Q6vVHgC,spotify:track:0FKnknau5UBXgN2Q6vVHgC,https://api.spotify.com/v1/tracks/0FKnknau5UBXgN2Q6vVHgC,https://api.spotify.com/v1/audio-analysis/0FKnknau5UBXgN2Q6vVHgC,232378,4
228,0.487,0.535,8,-8.47,0,0.0305,0.73,0.00414,0.0903,0.591,144.548,audio_features,1duGF26RKaTntfsJ0cTkzj,spotify:track:1duGF26RKaTntfsJ0cTkzj,https://api.spotify.com/v1/tracks/1duGF26RKaTntfsJ0cTkzj,https://api.spotify.com/v1/audio-analysis/1duGF26RKaTntfsJ0cTkzj,379000,3
229,0.357,0.144,10,-11.261,1,0.0313,0.957,0.288,0.235,0.138,77.983,audio_features,1JXxyiihPJrMLotLklU0Cb,spotify:track:1JXxyiihPJrMLotLklU0Cb,https://api.spotify.com/v1/tracks/1JXxyiihPJrMLotLklU0Cb,https://api.spotify.com/v1/audio-analysis/1JXxyiihPJrMLotLklU0Cb,374627,4
230,0.604,0.498,2,-9.905,1,0.0778,0.695,0.000786,0.528,0.733,96.097,audio_features,0DUyHDBRaxFiXDf6Jhh4JD,spotify:track:0DUyHDBRaxFiXDf6Jhh4JD,https://api.spotify.com/v1/tracks/0DUyHDBRaxFiXDf6Jhh4JD,https://api.spotify.com/v1/audio-analysis/0DUyHDBRaxFiXDf6Jhh4JD,207480,4
231,0.749,0.152,5,-16.745,0,0.0493,0.655,0.000254,0.086,0.292,101.779,audio_features,5doczA8CcUYo0J9H7uvHgU,spotify:track:5doczA8CcUYo0J9H7uvHgU,https://api.spotify.com/v1/tracks/5doczA8CcUYo0J9H7uvHgU,https://api.spotify.com/v1/audio-analysis/5doczA8CcUYo0J9H7uvHgU,232307,4
232,0.406,0.746,10,-7.838,1,0.0524,0.403,0.0816,0.305,0.59,93.056,audio_features,4ZAcQgIlpV5z7k7evEF0MJ,spotify:track:4ZAcQgIlpV5z7k7evEF0MJ,https://api.spotify.com/v1/tracks/4ZAcQgIlpV5z7k7evEF0MJ,https://api.spotify.com/v1/audio-analysis/4ZAcQgIlpV5z7k7evEF0MJ,441427,4
233,0.624,0.383,8,-10.561,1,0.0633,0.627,5.44e-06,0.0963,0.674,117.526,audio_features,3bYBPyLGsa1unDrVaNzN4y,spotify:track:3bYBPyLGsa1unDrVaNzN4y,https://api.spotify.com/v1/tracks/3bYBPyLGsa1unDrVaNzN4y,https://api.spotify.com/v1/audio-analysis/3bYBPyLGsa1unDrVaNzN4y,331267,4
234,0.364,0.679,5,-9.923,0,0.0642,0.497,6.43e-06,0.217,0.45,79.9,audio_features,05aZ2boQ1yuAD4p4HyORbK,spotify:track:05aZ2boQ1yuAD4p4HyORbK,https://api.spotify.com/v1/tracks/05aZ2boQ1yuAD4p4HyORbK,https://api.spotify.com/v1/audio-analysis/05aZ2boQ1yuAD4p4HyORbK,718960,3
235,0.583,0.461,5,-9.58,0,0.0482,0.668,0.17,0.162,0.516,131.878,audio_features,7Kwi4xmgY4qQwOhBe0zsbh,spotify:track:7Kwi4xmgY4qQwOhBe0zsbh,https://api.spotify.com/v1/tracks/7Kwi4xmgY4qQwOhBe0zsbh,https://api.spotify.com/v1/audio-analysis/7Kwi4xmgY4qQwOhBe0zsbh,545347,4
236,0.628,0.629,2,-10.234,0,0.0398,0.709,0.0583,0.0791,0.801,127.812,audio_features,0gutl81vbXX1JGp5M0OoiE,spotify:track:0gutl81vbXX1JGp5M0OoiE,https://api.spotify.com/v1/tracks/0gutl81vbXX1JGp5M0OoiE,https://api.spotify.com/v1/audio-analysis/0gutl81vbXX1JGp5M0OoiE,193467,4
237,0.476,0.192,2,-10.984,1,0.0374,0.827,0.0,0.226,0.275,139.074,audio_features,5Ca5KKTMmZaScCmHd9UJeu,spotify:track:5Ca5KKTMmZaScCmHd9UJeu,https://api.spotify.com/v1/tracks/5Ca5KKTMmZaScCmHd9UJeu,https://api.spotify.com/v1/audio-analysis/5Ca5KKTMmZaScCmHd9UJeu,157213,3
238,0.579,0.223,5,-22.061,1,0.0412,0.89,0.848,0.105,0.531,88.809,audio_features,6EC51OfUhguCbNp5H5SdGm,spotify:track:6EC51OfUhguCbNp5H5SdGm,https://api.spotify.com/v1/tracks/6EC51OfUhguCbNp5H5SdGm,https://api.spotify.com/v1/audio-analysis/6EC51OfUhguCbNp5H5SdGm,409640,3
239,0.494,0.124,8,-15.862,1,0.0414,0.91,0.000164,0.0938,0.221,61.261,audio_features,4TndToxlz7Qdvpb2O9s9HM,spotify:track:4TndToxlz7Qdvpb2O9s9HM,https://api.spotify.com/v1/tracks/4TndToxlz7Qdvpb2O9s9HM,https://api.spotify.com/v1/audio-analysis/4TndToxlz7Qdvpb2O9s9HM,169738,4
240,0.412,0.434,0,-13.3,1,0.0483,0.509,0.00735,0.24,0.505,94.84,audio_features,12cMYRYTV2RTz4YTlOpgSu,spotify:track:12cMYRYTV2RTz4YTlOpgSu,https://api.spotify.com/v1/tracks/12cMYRYTV2RTz4YTlOpgSu,https://api.spotify.com/v1/audio-analysis/12cMYRYTV2RTz4YTlOpgSu,339067,4
241,0.432,0.299,2,-13.241,0,0.0293,0.0695,3.19e-06,0.107,0.201,90.465,audio_features,5Rb6tpkWiNQQoCfxaFVB9c,spotify:track:5Rb6tpkWiNQQoCfxaFVB9c,https://api.spotify.com/v1/tracks/5Rb6tpkWiNQQoCfxaFVB9c,https://api.spotify.com/v1/audio-analysis/5Rb6tpkWiNQQoCfxaFVB9c,182028,4
242,0.614,0.349,0,-14.38,0,0.0411,0.813,0.000575,0.193,0.839,104.66,audio_features,4tSY2oSX8fdedowKjFYWJH,spotify:track:4tSY2oSX8fdedowKjFYWJH,https://api.spotify.com/v1/tracks/4tSY2oSX8fdedowKjFYWJH,https://api.spotify.com/v1/audio-analysis/4tSY2oSX8fdedowKjFYWJH,237493,4
243,0.598,0.339,8,-8.876,1,0.0358,0.606,0.103,0.098,0.29,63.995,audio_features,0gD78Kq5CLlc1j9e9G8Ejv,spotify:track:0gD78Kq5CLlc1j9e9G8Ejv,https://api.spotify.com/v1/tracks/0gD78Kq5CLlc1j9e9G8Ejv,https://api.spotify.com/v1/audio-analysis/0gD78Kq5CLlc1j9e9G8Ejv,485227,4
244,0.515,0.198,5,-17.685,0,0.0912,0.937,0.793,0.282,0.38,70.081,audio_features,21YUZQmqekadSlCCZpawCH,spotify:track:21YUZQmqekadSlCCZpawCH,https://api.spotify.com/v1/tracks/21YUZQmqekadSlCCZpawCH,https://api.spotify.com/v1/audio-analysis/21YUZQmqekadSlCCZpawCH,191622,4
245,0.458,0.155,10,-17.853,1,0.0405,0.908,0.621,0.299,0.276,126.281,audio_features,2bPeAxNC1S1C359ds8Tw3X,spotify:track:2bPeAxNC1S1C359ds8Tw3X,https://api.spotify.com/v1/tracks/2bPeAxNC1S1C359ds8Tw3X,https://api.spotify.com/v1/audio-analysis/2bPeAxNC1S1C359ds8Tw3X,526893,4
246,0.649,0.271,5,-15.198,0,0.0498,0.708,4.54e-06,0.124,0.626,126.026,audio_features,4jCoxXaEKeTWkQ7HL1d5de,spotify:track:4jCoxXaEKeTWkQ7HL1d5de,https://api.spotify.com/v1/tracks/4jCoxXaEKeTWkQ7HL1d5de,https://api.spotify.com/v1/audio-analysis/4jCoxXaEKeTWkQ7HL1d5de,441027,4
247,0.35,0.607,5,-11.141,0,0.0498,0.794,0.446,0.116,0.597,187.101,audio_features,1QlTNF43OyKK9BorIRsJ8o,spotify:track:1QlTNF43OyKK9BorIRsJ8o,https://api.spotify.com/v1/tracks/1QlTNF43OyKK9BorIRsJ8o,https://api.spotify.com/v1/audio-analysis/1QlTNF43OyKK9BorIRsJ8o,422640,4
248,0.37,0.586,5,-13.468,0,0.0581,0.485,1.96e-06,0.348,0.519,121.573,audio_features,0CLbmkYmQIWiEwnsbOkLpd,spotify:track:0CLbmkYmQIWiEwnsbOkLpd,https://api.spotify.com/v1/tracks/0CLbmkYmQIWiEwnsbOkLpd,https://api.spotify.com/v1/audio-analysis/0CLbmkYmQIWiEwnsbOkLpd,462867,4
249,0.355,0.152,5,-14.864,0,0.0401,0.924,0.0771,0.126,0.145,65.215,audio_features,6x8XKDM8Rnid4TyOUg9kj3,spotify:track:6x8XKDM8Rnid4TyOUg9kj3,https://api.spotify.com/v1/tracks/6x8XKDM8Rnid4TyOUg9kj3,https://api.spotify.com/v1/audio-analysis/6x8XKDM8Rnid4TyOUg9kj3,320773,4
